"Tuesday, Sep 17 2024",,,
AB 103,,,
Event Times,Event,Contact,
8:00 A.M. - 9:15 A.M.,"CM 3220 01 18134, TR 0800-0915 CLAS 08/27","Wheat, Lynn",
11:00 A.M. - 12:15 P.M.,"ANSC 4090 01 XL 18333, TR 1100-1215 CLAS 08/27",,
11:00 A.M. - 12:15 P.M.,"ANSC 5090 01 XL 18334, TR 1100-1215 CLAS 08/27",,
1:20 P.M. - 2:35 P.M.,"ANSC 3150 01 10048, TR 1320-1435 CLAS 08/27",,
3:10 P.M. - 5:00 P.M.,"ANSC 3545 01 13067, TR 1510-1700 CLAS 08/27",,
AB 104,,,
Event Times,Event,Contact,
8:10 A.M. - 9:25 A.M.,"ANSC 2000 01 17196, TR 0810-0925 CLAS 08/27",,
11:00 A.M. - 12:15 P.M.,"ANSC 3250 01 13742, TR 1100-1215 CLAS 08/27",,
AB 106,,,
Event Times,Event,Contact,
9:35 A.M. - 10:50 A.M.,"ANSC 4250 01 18461, TR 0935-1050 CLAS 08/27","Garcia, Veronica",
AB 202,,,
Event Times,Event,Contact,
,,,
AB 204,,,
Event Times,Event,Contact,
,,,
AC 100,,,
Event Times,Event,Contact,
,,,
AC 219,,,
Event Times,Event,Contact,
,,,
AC 221,,,
Event Times,Event,Contact,
,,,
AC 404A,,,
Event Times,Event,Contact,
,,,
AG 1030,,,
Event Times,Event,Contact,
,,,
AG 1032,,,
Event Times,Event,Contact,
9:35 A.M. - 10:50 A.M.,"RELI 1000 01 11798, TR 0935-1050 CLAS 08/27",,
1:20 P.M. - 2:35 P.M.,"CM 3200 01 MMP 15504, TR 1320-1435 CLAS 08/27",,
3:15 P.M. - 4:30 P.M.,"CM 4140 01 15508, TR 1515-1630 CLAS 08/27","Garcia, Veronica",
AG 137,,,
Event Times,Event,Contact,
,,,
AG 142,,,
Event Times,Event,Contact,
,,,
AG 2018,,,
Event Times,Event,Contact,
8:10 A.M. - 9:25 A.M.,"NEUR 5280 01 XL 11690, TR 0810-0925 CLAS 08/27",,
8:10 A.M. - 9:25 A.M.,"ZOO 4280 01 XL 11357, TR 0810-0925 CLAS 08/27",,
8:10 A.M. - 9:25 A.M.,"ZOO 5280 01 XL 11691, TR 0810-0925 CLAS 08/27",,
9:35 A.M. - 10:50 A.M.,"AGEC 4830 01 13666, TR 0935-1050 CLAS 08/27",,
11:00 A.M. - 12:15 P.M.,"SOIL 4150 01 XL 11673, TR 1100-1215 CLAS 08/27","LYNX, CNET",
11:00 A.M. - 12:15 P.M.,"SOIL 5150 01 XL 11675, TR 1100-1215 CLAS 08/27",,
1:20 P.M. - 2:35 P.M.,"AGEC 4050 01 12931, TR 1320-1435 NONE 08/27",,
AG 2024,,,
Event Times,Event,Contact,
,,,
AG 22,,,
Event Times,Event,Contact,
,,,
AG 223,,,
Event Times,Event,Contact,
9:35 A.M. - 10:50 A.M.,"GIST 5111 01 MMP 18060, T 0935-1050 CLAS 08/27",,
1:20 P.M. - 2:35 P.M.,"AGEC 2020 01 15438, TR 1320-1435 CLAS 08/27",,
2:45 P.M. - 4:00 P.M.,"AGEC 4970 01 18002, TR 1445-1600 CLAS 08/27",,
AG 229,,,
Event Times,Event,Contact,
8:10 A.M. - 9:25 A.M.,"AGEC 4880 01 17993, TR 0810-0925 CLAS 08/27",,
9:35 A.M. - 10:50 A.M.,"AGEC 2040 01 15451, TR 0935-1050 CLAS 08/27",,
3:00 P.M. - 4:30 P.M.,"AGEC 2020 10 15447, T 1500-1630 CLAS 08/27",,
AG 237,,,
Event Times,Event,Contact,
1:20 P.M. - 2:35 P.M.,"FCSC 3122 01 12486, TR 1320-1435 CLAS 08/27",,
AG 240,,,
Event Times,Event,Contact,
,,,
AG 3026,,,
Event Times,Event,Contact,
12:00 P.M. - 1:50 P.M.,"FCSC 2044 01 17881, T 1200-1350 CLAS 08/27",,
AG 3027,,,
Event Times,Event,Contact,
11:00 A.M. - 1:00 P.M.,"FCSC 3180 01 17863, TR 1100-1300 CLAS 08/27",,
AG 3028,,,
Event Times,Event,Contact,
9:35 A.M. - 10:50 A.M.,"FCSC 2180 01 14189, TR 0935-1050 CLAS 08/27",,
2:45 P.M. - 4:00 P.M.,"FCSC 4181 01 XL 17866, TR 1445-1600 CLAS 08/27",,
2:45 P.M. - 4:00 P.M.,"FCSC 5181 01 XL 17867, TR 1445-1600 CLAS 08/27",,
AG 3030,,,
Event Times,Event,Contact,
,,,
AG 328,,,
Event Times,Event,Contact,
11:00 A.M. - 12:15 P.M.,"GIST 3140 01 15589, TR 1100-1215 CLAS 08/27",,
1:00 P.M. - 3:00 P.M.,CHEM,"Bandyopadhyay, Indrajit",
3:10 P.M. - 5:00 P.M.,"GIST 4130 10 XL 15596, T 1510-1700 CLAS 08/27",,
3:10 P.M. - 5:00 P.M.,"GIST 5130 10 XL 15601, T 1510-1700 CLAS 08/27",,
3:10 P.M. - 5:00 P.M.,"PLNT 4130 10 XL 15053, T 1510-1700 CLAS 08/27",,
3:10 P.M. - 5:00 P.M.,"RNEW 4130 10 XL 12294, T 1510-1700 CLAS 08/27",,
AG 4004,,,
Event Times,Event,Contact,
,,,
AG 4021,,,
Event Times,Event,Contact,
9:35 A.M. - 10:50 A.M.,"SPAN 3060 01 10497, TR 0935-1050 CLAS 08/27",,
11:00 A.M. - 12:15 P.M.,"AGEC 4200 01 XL 17900, TR 1100-1215 CLAS 08/27",,
11:00 A.M. - 12:15 P.M.,"AGEC 5200 01 XL 17973, TR 1100-1215 CLAS 08/27",,
11:00 A.M. - 12:15 P.M.,"GWST 4200 1 XL 17985, TR 1100-1215 CLAS 08/27",,
11:00 A.M. - 12:15 P.M.,"GWST 5200 01 XL 18017, TR 1100-1215 CLAS 08/27",,
1:20 P.M. - 2:35 P.M.,"RMAL 1010 01 18253, TR 1320-1435 CLAS 08/27",,
5:10 P.M. - 6:25 P.M.,"STAT 4045 01 XL 17791, TR 1710-1825 CLAS 08/27",,
5:10 P.M. - 6:25 P.M.,"STAT 5045 01 XL 17792, TR 1710-1825 CLAS 08/27",,
AG 4022,,,
Event Times,Event,Contact,
1:20 P.M. - 2:35 P.M.,"ENTO 4684 01 XL 18175, TR 1320-1435 CLAS 08/27",,
1:20 P.M. - 2:35 P.M.,"ENTO 5684 01 XL 18176, TR 1320-1435 CLAS 08/27",,
2:45 P.M. - 4:00 P.M.,"ENTO 5684 10 18179, TR 1445-1600 CLAS 08/27",,
AG 4040,,,
Event Times,Event,Contact,
1:20 P.M. - 2:35 P.M.,"PLNT 2025 01 17828, TR 1320-1435 CLAS 08/27",,
AG 4041,,,
Event Times,Event,Contact,
9:00 A.M. - 10:00 A.M.,Botany faculty meeting,"Ross, Jack",
10:00 A.M. - 10:50 A.M.,"MATH 2200 05 10442, MTWF 1000-1050 CLAS 08/26",,
11:00 A.M. - 11:50 A.M.,"MATH 2200 06 10443, MTWF 1100-1150 CLAS 08/26",,
1:20 P.M. - 2:35 P.M.,"GIST 4130 01 XL 15595, TR 1320-1435 CLAS 08/27","Garcia, Veronica",
1:20 P.M. - 2:35 P.M.,"GIST 5130 01 XL 15599, TR 1320-1435 CLAS 08/27",,
1:20 P.M. - 2:35 P.M.,"PLNT 4130 01 XL 15052, TR 1320-1435 CLAS 08/27","Garcia, Veronica",
1:20 P.M. - 2:35 P.M.,"RNEW 4130 01 XL 12438, TR 1320-1435 CLAS 08/27",,
2:45 P.M. - 4:00 P.M.,"UWYO 9991 01 MMP 11313, T 1445-1600 CLAS 08/27",,
AG 41,,,
Event Times,Event,Contact,
,,,
AG 5025,,,
Event Times,Event,Contact,
,,,
AG 5027,,,
Event Times,Event,Contact,
,,,
AG 5030,,,
Event Times,Event,Contact,
8:00 A.M. - 9:50 A.M.,"MICR 2021 10 XL 11212, TR 0800-0950 CLAS 08/27",,
8:00 A.M. - 9:50 A.M.,"MOLB 2021 10 XL 11217, TR 0800-0950 CLAS 08/27",,
10:00 A.M. - 11:50 A.M.,"MICR 2021 11 XL 11214, TR 1000-1150 CLAS 08/27",,
10:00 A.M. - 11:50 A.M.,"MOLB 2021 11 XL 11218, TR 1000-1150 CLAS 08/27",,
1:10 P.M. - 3:00 P.M.,"MICR 2021 12 XL 11215, TR 1310-1500 CLAS 08/27",,
1:10 P.M. - 3:00 P.M.,"MOLB 2021 12 XL 11219, TR 1310-1500 CLAS 08/27",,
3:10 P.M. - 5:00 P.M.,"MICR 2021 13 XL 11216, TR 1510-1700 CLAS 08/27",,
3:10 P.M. - 5:00 P.M.,"MOLB 2021 13 XL 11220, TR 1510-1700 CLAS 08/27",,
AG AUD,,,
Event Times,Event,Contact,
11:00 A.M. - 12:15 P.M.,"FCSC 1141 01 12140, TR 1100-1215 CLAS 08/27",,
AN 140,,,
Event Times,Event,Contact,
9:35 A.M. - 10:50 A.M.,"ANTH 4115 01 XL 17804, TR 0935-1050 CLAS 08/27",,
9:35 A.M. - 10:50 A.M.,"ANTH 5115 01 XL 17805, TR 0935-1050 CLAS 08/27",,
4:00 P.M. - 5:50 P.M.,"ANTH 1100 12 10053, T 1600-1750 CLAS 08/27",,
AN 150,,,
Event Times,Event,Contact,
9:35 A.M. - 10:50 A.M.,"PHIL 3420 01 17876, TR 0935-1050 CLAS 08/27","Garcia, Veronica",
11:00 A.M. - 12:15 P.M.,"ANTH 4230 01 17808, TR 1100-1215 CLAS 08/27",,
AN 220,,,
Event Times,Event,Contact,
8:10 A.M. - 9:25 A.M.,"ECOL 5200 80 XL 15268, TR 0810-0925 CLAS 08/27","Garcia, Veronica",
8:10 A.M. - 9:25 A.M.,"REWM 5200 01 XL 15262, TR 0810-0925 CLAS 08/27",,
9:35 A.M. - 10:50 A.M.,"REWM 4440 01 XL 18370, TR 0935-1050 CLAS 08/27","Wheat, Lynn",
9:35 A.M. - 10:50 A.M.,"REWM 5440 01 XL 18371, TR 0935-1050 CLAS 08/27","Ohlschwager, Andrew",
11:00 A.M. - 12:15 P.M.,"ANTH 5015 01 12326, TR 1100-1215 CLAS 08/27",,
AN 335,,,
Event Times,Event,Contact,
,,,
AS 118,,,
Event Times,Event,Contact,
,,,
AS 203,,,
Event Times,Event,Contact,
,,,
AS 209,,,
Event Times,Event,Contact,
9:35 A.M. - 10:50 A.M.,"CW 2050 01 18203, TR 0935-1050 CLAS 08/27","Garcia, Veronica",
11:00 A.M. - 12:15 P.M.,"HP 3151 02 17158, TR 1100-1215 CLAS 08/27",,
AS 210,,,
Event Times,Event,Contact,
,,,
AS 226,,,
Event Times,Event,Contact,
8:30 A.M. - 9:40 A.M.,"IEP 0804 70 13179, MTWR 0830-0940 CLAS 08/26",,
10:00 A.M. - 11:50 A.M.,"IEP 0904 70 13180, MTWR 1000-1150 CLAS 08/26",,
12:30 P.M. - 1:40 P.M.,"IEP 0704 70 13178, MTWR 1230-1340 CLAS 08/26",,
AS 228,,,
Event Times,Event,Contact,
9:35 A.M. - 10:50 A.M.,"GIST 1200 01 15581, TR 0935-1050 CLAS 08/27","Garcia, Veronica",
2:10 P.M. - 4:00 P.M.,"ES 1060 10 11693, T 1410-1600 CLAS 08/27",,
AS 314,,,
Event Times,Event,Contact,
8:10 A.M. - 9:25 A.M.,"ENGL 1010 08 16048, TR 0810-0925 CLAS 08/27",,
1:10 P.M. - 2:00 P.M.,"IEP 0801 70 12828, MTWR 1310-1400 CLAS 08/26",,
AS 401,,,
Event Times,Event,Contact,
8:10 A.M. - 9:25 A.M.,"ENR 4525 01 XL 15718, TR 0810-0925 CLAS 08/27",,
8:10 A.M. - 9:25 A.M.,"ENR 5525 01 XL 15720, TR 0810-0925 CLAS 08/27",,
8:10 A.M. - 9:25 A.M.,"GEOL 4525 01 XL 15327, TR 0810-0925 CLAS 08/27",,
8:10 A.M. - 9:25 A.M.,"GEOL 5525 01 XL 15340, TR 0810-0925 CLAS 08/27",,
9:35 A.M. - 10:50 A.M.,"HP 3050 04 18230, TR 0935-1050 CLAS 08/27","Garcia, Veronica",
AV 212,,,
Event Times,Event,Contact,
,,,
BC 138,,,
Event Times,Event,Contact,
9:35 A.M. - 10:50 A.M.,"ZOO 4400 01 XL 15989, TR 0935-1050 CLAS 08/27",,
9:35 A.M. - 10:50 A.M.,"ZOO 5400 01 XL 16132, TR 0935-1050 CLAS 08/27",,
2:45 P.M. - 4:00 P.M.,"ANTH 1200 03 15697, TR 1445-1600 CLAS 08/27",,
BC 217,,,
Event Times,Event,Contact,
,,,
BC 227,,,
Event Times,Event,Contact,
10:30 A.M. - 11:30 A.M.,BI staff meeting,"Addis, Brett",
2:00 P.M. - 4:00 P.M.,Boothby Lab Meeting,"Biodiversity Institute, Berry Center",
BC 327,,,
Event Times,Event,Contact,
8:30 A.M. - 10:00 A.M.,Fall INBRE Graduate Student meeting,"Nightingale, Yana",
10:00 A.M. - 11:00 A.M.,Bat program meeting,"Whittle, Ellen",
BS 221,,,
Event Times,Event,Contact,
2:20 P.M. - 5:10 P.M.,"ZOO 4310 10 XL 12308, T 1420-1710 CLAS 08/27",,
2:20 P.M. - 5:10 P.M.,"ZOO 5310 10 XL 12310, T 1420-1710 CLAS 08/27",,
BS 302,,,
Event Times,Event,Contact,
9:35 A.M. - 11:25 A.M.,"PSYC 2000 01 MMP 10004, TR 0935-1125 CLAS 08/27",,
1:20 P.M. - 2:35 P.M.,"COJO 3070 01 16883, TR 1320-1435 CLAS 08/27","Wheat, Lynn",
BS 309,,,
Event Times,Event,Contact,
9:35 A.M. - 10:50 A.M.,"MOLB 4460 01 XL 11510, TR 0935-1050 CLAS 08/27","Garcia, Veronica",
9:35 A.M. - 10:50 A.M.,"MOLB 5460 01 XL 11511, TR 0935-1050 CLAS 08/27",,
11:00 A.M. - 12:15 P.M.,"ZOO 4300 01 XL 11430, TR 1100-1215 CLAS 08/27","Wheat, Lynn",
11:00 A.M. - 12:15 P.M.,"ZOO 5300 01 XL 11431, TR 1100-1215 CLAS 08/27",,
1:20 P.M. - 2:10 P.M.,"ZOO 4310 01 XL 12307, TR 1320-1410 CLAS 08/27",,
1:20 P.M. - 2:10 P.M.,"ZOO 5310 01 XL 12309, TR 1320-1410 CLAS 08/27",,
BS 310,,,
Event Times,Event,Contact,
2:10 P.M. - 5:00 P.M.,"PSYC 5510 01 17968, T 1410-1700 CLAS 08/27",,
BU 10,,,
Event Times,Event,Contact,
8:10 A.M. - 9:25 A.M.,"COSC 4785 01 XL 13264, TR 0810-0925 CLAS 08/27",,
8:10 A.M. - 9:25 A.M.,"COSC 5785 01 XL 13265, TR 0810-0925 CLAS 08/27",,
9:35 A.M. - 10:50 A.M.,"HOSP 2000 01 XL 15149, TR 0935-1050 CLAS 08/27",,
9:35 A.M. - 10:50 A.M.,"ORTM 2000 01 XL 15741, TR 0935-1050 CLAS 08/27",,
11:00 A.M. - 12:15 P.M.,"HOSP 3000 01 15151, TR 1100-1215 CLAS 08/27",,
1:20 P.M. - 2:35 P.M.,"HIST 4113 01 XL 17836, TR 1320-1435 CLAS 08/27",,
1:20 P.M. - 2:35 P.M.,"RELI 4113 01 XL 18482, TR 1320-1435 CLAS 08/27",,
2:45 P.M. - 4:00 P.M.,"HIST 3280 01 XL 18209, TR 1445-1600 CLAS 08/27","Garcia, Veronica",
2:45 P.M. - 4:00 P.M.,"RELI 3280 01 XL 17928, TR 1445-1600 CLAS 08/27",,
BU 108,,,
Event Times,Event,Contact,
9:00 A.M. - 9:50 A.M.,"SPAN 2030 01 10493, MTWR 0900-0950 CLAS 08/26",,
10:00 A.M. - 10:50 A.M.,"SPAN 1010 04 10426, MTWR 1000-1050 CLAS 08/26",,
11:00 A.M. - 12:15 P.M.,"MKT 4450 01 10349, TR 1100-1215 CLAS 08/27","Wheat, Lynn",
1:20 P.M. - 2:35 P.M.,"MKT 4520 01 12033, TR 1320-1435 CLAS 08/27",,
2:45 P.M. - 3:35 P.M.,"STEP 1102 03 18210, TR 1445-1535 CLAS 08/27",,
6:10 P.M. - 8:00 P.M.,"COSC 1010 11 10298, T 1810-2000 CLAS 08/27",,
BU 109,,,
Event Times,Event,Contact,
,,,
BU 110,,,
Event Times,Event,Contact,
8:10 A.M. - 9:25 A.M.,"ACCT 3230 01 12453, TR 0810-0925 CLAS 08/27",,
9:35 A.M. - 10:50 A.M.,"ENGL 4010 02 11772, TR 0935-1050 CLAS 08/27","Garcia, Veronica",
11:00 A.M. - 12:15 P.M.,"HIST 2390 01 17838, TR 1100-1215 CLAS 08/27","Wheat, Lynn",
1:20 P.M. - 2:35 P.M.,"ECON 2400 01 16866, TR 1320-1435 CLAS 08/27",,
3:00 P.M. - 4:30 P.M.,Economics guest speaker,"Faycosh, Kourtney",
7:00 P.M. - 8:15 P.M.,"MKT 4250 01 17769, TR 1900-2015 CLAS 08/27",,
BU 111,,,
Event Times,Event,Contact,
8:10 A.M. - 9:25 A.M.,"MBAM 5107 01 12096, T 0810-0925 CLAS 08/27",,
9:35 A.M. - 10:50 A.M.,"MGT 4800 02 17768, TR 0935-1050 CLAS 08/27",,
11:00 A.M. - 12:15 P.M.,"ECON 4730 01 XL 17855, TR 1100-1215 CLAS 08/27",,
11:00 A.M. - 12:15 P.M.,"ECON 5730 01 XL 17856, TR 1100-1215 CLAS 08/27",,
1:20 P.M. - 2:35 P.M.,"SELL 4310 01 14607, TR 1320-1435 CLAS 08/27",,
2:45 P.M. - 3:35 P.M.,"STEP 1102 11 18211, TR 1445-1535 CLAS 08/27",,
4:10 P.M. - 5:25 P.M.,"ECON 5370 01 15160, TR 1610-1725 CLAS 08/27",,
6:10 P.M. - 8:40 P.M.,"COJO 5800 01 11704, T 1810-2040 CLAS 08/27","Wheat, Lynn",
BU 121,,,
Event Times,Event,Contact,
8:10 A.M. - 9:25 A.M.,"ACCT 2010 02 15187, TR 0810-0925 CLAS 08/27",,
9:35 A.M. - 10:50 A.M.,"MGT 2100 01 16586, TR 0935-1050 CLAS 08/27",,
11:00 A.M. - 12:15 P.M.,"ECON 3010 02 14100, TR 1100-1215 CLAS 08/27",,
1:20 P.M. - 2:35 P.M.,"MGT 3410 01 12538, TR 1320-1435 CLAS 08/27",,
2:45 P.M. - 4:00 P.M.,"MGT 4470 01 13580, TR 1445-1600 CLAS 08/27",,
7:00 P.M. - 10:00 P.M.,E-Sports Team choosing,"Brown, Amber J.",
BU 123,,,
Event Times,Event,Contact,
11:00 A.M. - 1:00 P.M.,Dept. Head/Assoc. Deans/ Vice Provosts,"Brome, Cheryl",
2:00 P.M. - 3:00 P.M.,Filming Recruitment Videos,"Wee, Andrew B.",
4:45 P.M. - 6:15 P.M.,Sales Club meeting,"Burns, Michael R.",
BU 127,,,
Event Times,Event,Contact,
9:35 A.M. - 10:50 A.M.,"INST 4590 01 XL 15897, TR 0935-1050 CLAS 08/27",,
9:35 A.M. - 10:50 A.M.,"MKT 4590 01 XL 11912, TR 0935-1050 CLAS 08/27",,
11:00 A.M. - 12:40 P.M.,"ACCT 3430 01 15190, TR 1100-1240 CLAS 08/27",,
1:20 P.M. - 2:35 P.M.,"ACCT 4060 01 10956, TR 1320-1435 CLAS 08/27",,
2:45 P.M. - 4:00 P.M.,"CRMJ 3400 01 XL 15616, TR 1445-1600 CLAS 08/27","Garcia, Veronica",
2:45 P.M. - 4:00 P.M.,"SOC 3400 01 XL 15690, TR 1445-1600 CLAS 08/27",,
4:30 P.M. - 5:45 P.M.,"IMGT 4500 01 XL 15233, TR 1630-1745 CLAS 08/27",,
6:00 P.M. - 7:00 P.M.,STI MATH 2205 - LaRue,"Willford, Jessica",766-4322
BU 129,,,
Event Times,Event,Contact,
9:35 A.M. - 10:50 A.M.,"MGT 3420 01 12539, TR 0935-1050 CLAS 08/27",,
11:00 A.M. - 12:15 P.M.,"BKCH 4021 01 16675, TR 1100-1215 CLAS 08/27",,
1:20 P.M. - 2:35 P.M.,"ECON 3010 01 10811, TR 1320-1435 CLAS 08/27",,
2:45 P.M. - 4:00 P.M.,"BKCH 3021 01 15234, TR 1445-1600 CLAS 08/27",,
6:00 P.M. - 8:00 P.M.,Sigma Alpha recruitment week,"Carr, Sydni",
BU 208,,,
Event Times,Event,Contact,
8:10 A.M. - 9:25 A.M.,"MGT 4800 01 11683, TR 0810-0925 CLAS 08/27",,
9:35 A.M. - 10:50 A.M.,"ECON 4530 01 XL 13647, TR 0935-1050 CLAS 08/27",,
9:35 A.M. - 10:50 A.M.,"ECON 5530 01 XL 14859, TR 0935-1050 CLAS 08/27",,
11:00 A.M. - 12:15 P.M.,"HIST 2252 01 XL 18207, TR 1100-1215 CLAS 08/27","Garcia, Veronica",
11:00 A.M. - 12:15 P.M.,"RELI 2252 01 XL 17924, TR 1100-1215 CLAS 08/27",,
1:20 P.M. - 2:35 P.M.,"MBAM 5204 01 15016, TR 1320-1435 CLAS 08/27",,
2:45 P.M. - 4:00 P.M.,"MBAM 5104 01 17833, TR 1445-1600 CLAS 08/27",,
4:50 P.M. - 6:50 P.M.,SI PSYC 1000 - Seipel,"Willford, Jessica",766-4322
7:00 P.M. - 8:00 P.M.,SI CRM 2210 - Gonzalez,"Willford, Jessica",766-4322
BU 209,,,
Event Times,Event,Contact,
9:35 A.M. - 10:50 A.M.,"SELL 4340 01 17961, TR 0935-1050 CLAS 08/27",,
11:00 A.M. - 12:15 P.M.,"SELL 3310 01 14605, TR 1100-1215 CLAS 08/27",,
1:20 P.M. - 2:35 P.M.,"LEAD 3110 02 18544, TR 1320-1435 CLAS 08/27",,
2:45 P.M. - 4:00 P.M.,"SELL 3310 02 15168, TR 1445-1600 CLAS 08/27",,
6:00 P.M. - 8:00 P.M.,SI LIFE 1010 - Yazawa,"Willford, Jessica",766-4322
BU 21,,,
Event Times,Event,Contact,
9:35 A.M. - 10:50 A.M.,"ACCT 3070 01 10954, TR 0935-1050 NONE 08/27",,
11:00 A.M. - 12:15 P.M.,"ENR 3100 80 XL 12205, TR 1100-1215 CLAS 08/27",,
11:00 A.M. - 12:15 P.M.,"REWM 3100 80 XL 10099, TR 1100-1215 CLAS 08/27","Garcia, Veronica",
1:20 P.M. - 2:35 P.M.,"CRMJ 2685 01 XL 12150, TR 1320-1435 CLAS 08/27",,
1:20 P.M. - 2:35 P.M.,"SOC 2685 01 XL 16077, TR 1320-1435 CLAS 08/27",,
2:45 P.M. - 4:00 P.M.,"ECON 3020 2 10812, TR 1445-1600 CLAS 08/27",,
6:00 P.M. - 7:00 P.M.,DECA,"Livingston, Greg",766-5718
BU 210,,,
Event Times,Event,Contact,
9:35 A.M. - 10:50 A.M.,"MBAM 5207 01 16779, TR 0935-1050 CLAS 08/27",,
11:00 A.M. - 12:15 P.M.,"ECON 5890 01 17414, TR 1100-1215 CLAS 08/27",,
1:20 P.M. - 2:25 P.M.,"FIN 3520 01 11797, TR 1320-1425 CLAS 08/27",,
2:45 P.M. - 4:00 P.M.,"ENTR 4750 01 15147, TR 1445-1600 CLAS 08/27",,
4:30 P.M. - 7:20 P.M.,"ENTR 4700 01 18337, T 1630-1920 CLAS 08/27",,
BU 211,,,
Event Times,Event,Contact,
9:35 A.M. - 10:50 A.M.,"FIN 4400 01 13293, TR 0935-1050 CLAS 08/27",,
11:00 A.M. - 12:15 P.M.,"COMM 2010 11 16870, TR 1100-1215 CLAS 08/27","Garcia, Veronica",
1:20 P.M. - 2:35 P.M.,"ECON 4910 01 15952, TR 1320-1435 CLAS 08/27",,
2:45 P.M. - 4:00 P.M.,"ECON 4700 01 17857, TR 1445-1600 CLAS 08/27",,
BU 221,,,
Event Times,Event,Contact,
,,,
BU 23,,,
Event Times,Event,Contact,
,,,
BU 24,,,
Event Times,Event,Contact,
9:35 A.M. - 10:50 A.M.,"EAP 1210 01 18339, TR 0935-1050 CLAS 08/27","Garcia, Veronica",
11:00 A.M. - 12:15 P.M.,"INST 4255 01 XL 18024, TR 1100-1215 CLAS 08/27",,
11:00 A.M. - 12:15 P.M.,"INST 5255 01 XL 18025, TR 1100-1215 CLAS 08/27",,
11:00 A.M. - 12:15 P.M.,"POLS 4255 01 XL 18019, TR 1100-1215 CLAS 08/27",,
11:00 A.M. - 12:15 P.M.,"POLS 5255 01 XL 18023, TR 1100-1215 CLAS 08/27",,
1:20 P.M. - 2:35 P.M.,"ENGL 3300 01 16938, TR 1320-1435 CLAS 08/27","Garcia, Veronica",
2:45 P.M. - 4:00 P.M.,"ENGL 4999 01 16970, TR 1445-1600 CLAS 08/27",,
BU 259,,,
Event Times,Event,Contact,
9:00 A.M. - 9:50 A.M.,"GERM 1010 01 11040, MTWR 0900-0950 CLAS 08/26","Garcia, Veronica",
9:00 A.M. - 9:50 A.M.,"GERM 1020 01 18248, MTWR 0900-0950 CLAS 08/26","Garcia, Veronica",
10:00 A.M. - 10:50 A.M.,"GERM 1020 02 18249, MTWR 1000-1050 CLAS 08/26","Garcia, Veronica",
1:20 P.M. - 2:35 P.M.,"ECON 5410 01 11364, TR 1320-1435 CLAS 08/27",,
BU 26,,,
Event Times,Event,Contact,
,,,
BU 8,,,
Event Times,Event,Contact,
9:35 A.M. - 10:50 A.M.,"COMM 2010 10 16318, TR 0935-1050 CLAS 08/27",,
11:00 A.M. - 12:15 P.M.,"COMM 2400 01 16017, TR 1100-1215 CLAS 08/27","Wheat, Lynn",
12:25 P.M. - 1:40 P.M.,"EAP 1210 02 18545, TR 1225-1340 CLAS 08/27","Garcia, Veronica",
2:45 P.M. - 4:00 P.M.,"CW 2080 01 15195, TR 1445-1600 CLAS 08/27","Wheat, Lynn",
6:00 P.M. - 7:00 P.M.,SI MICR 2021 - Taylor,"Willford, Jessica",766-4322
BU 9,,,
Event Times,Event,Contact,
9:35 A.M. - 10:50 A.M.,"MOLB 1050 01 18264, TR 0935-1050 CLAS 08/27","Garcia, Veronica",
11:00 A.M. - 12:15 P.M.,"STEP 1000 18 XL 16802, TR 1100-1215 CLAS 08/27",,
11:00 A.M. - 12:15 P.M.,"STEP 1000 18A XL 16823, TR 1100-1215 CLAS 08/27",,
1:20 P.M. - 2:35 P.M.,"MATH 4300 01 10474, TR 1320-1435 CLAS 08/27","Garcia, Veronica",
4:00 P.M. - 6:00 P.M.,SI MATH 2210 - Amick,"Ohlschwager, Andrew",
BU AUD,,,
Event Times,Event,Contact,
8:10 A.M. - 9:25 A.M.,"IMGT 2400 01 16676, TR 0810-0925 CLAS 08/27",,
9:35 A.M. - 10:50 A.M.,"AGEC 1010 02 XL 17072, TR 0935-1050 CLAS 08/27",,
9:35 A.M. - 10:50 A.M.,"ECON 1010 02 XL 16858, TR 0935-1050 CLAS 08/27",,
11:00 A.M. - 12:15 P.M.,"AGEC 1020 02 XL 17073, TR 1100-1215 CLAS 08/27",,
11:00 A.M. - 12:15 P.M.,"ECON 1020 02 XL 16863, TR 1100-1215 CLAS 08/27",,
7:00 P.M. - 8:00 P.M.,LIFE 1002 review,"Lyford, Mark",
CB 103,,,
Event Times,Event,Contact,
1:10 P.M. - 3:00 P.M.,"KIN 2041 10 10384, T 1310-1500 CLAS 08/27",,
3:10 P.M. - 5:00 P.M.,"KIN 2041 11 10385, T 1510-1700 CLAS 08/27",,
5:10 P.M. - 7:00 P.M.,"KIN 2041 12 11052, T 1710-1900 CLAS 08/27",,
7:10 P.M. - 9:00 P.M.,"KIN 2041 13 10386, T 1910-2100 CLAS 08/27",,
CB 104,,,
Event Times,Event,Contact,
5:00 P.M. - 7:00 P.M.,KIN 4013,"Cook, Lori",
CB 107,,,
Event Times,Event,Contact,
,,,
CB 137,,,
Event Times,Event,Contact,
9:35 A.M. - 10:50 A.M.,"KIN 4029 01 MMP 12329, TR 0935-1050 CLAS 08/27",,
11:00 A.M. - 12:15 P.M.,"KIN 4043 01 16736, TR 1100-1215 CLAS 08/27",,
12:20 P.M. - 1:19 P.M.,"KIN 5588 01 16081, T 1220-1319 CLAS 08/27",,
2:15 P.M. - 4:00 P.M.,"KIN 4012 01 10398, TR 1415-1600 CLAS 08/27",,
CB 138,,,
Event Times,Event,Contact,
9:30 A.M. - 10:20 A.M.,"ARMY 1010 01 12146, TR 0930-1020 CLAS 08/27",,
11:00 A.M. - 11:50 A.M.,"ARMY 2010 02 11395, TR 1100-1150 CLAS 08/27",,
1:20 P.M. - 2:35 P.M.,"ARMY 3010 02 10069, TR 1320-1435 CLAS 08/27",,
CB 202,,,
Event Times,Event,Contact,
12:20 P.M. - 1:10 P.M.,"KIN 3050 02 14174, TR 1220-1310 CLAS 08/27",,
1:20 P.M. - 3:50 P.M.,"KIN 4025 01 13283, T 1320-1550 CLAS 08/27",,
5:00 P.M. - 6:50 P.M.,"KIN 4013 01 10399, T 1700-1850 CLAS 08/27",,
CB 206,,,
Event Times,Event,Contact,
7:40 A.M. - 9:30 A.M.,"KIN 4056 01 MMP XL 12600, T 0740-0930 CLAS 08/27",,
7:40 A.M. - 9:30 A.M.,"KIN 5056 01 MMP XL 12601, T 0740-0930 CLAS 08/27",,
10:00 A.M. - 11:50 A.M.,"KIN 3024 10 MMP 16745, T 1000-1150 CLAS 08/27",,
4:10 P.M. - 7:00 P.M.,"KIN 3022 02 17956, T 1610-1900 CLAS 08/27",,
CIC 129,,,
Event Times,Event,Contact,
,,,
CIC 13,,,
Event Times,Event,Contact,
,,,
CIC 24,,,
Event Times,Event,Contact,
,,,
CIC 3,,,
Event Times,Event,Contact,
8:45 A.M. - 10:15 A.M.,"IEP 0703 70 13108, MTWR 0845-1015 CLAS 08/26",,
10:30 A.M. - 12:15 P.M.,"IEP 0903 70 13112, MTWR 1030-1215 CLAS 08/26",,
1:00 P.M. - 2:15 P.M.,"IEP 0803 70 13110, MTWR 1300-1415 CLAS 08/26",,
EA 207,,,
Event Times,Event,Contact,
9:35 A.M. - 10:50 A.M.,"EDSE 3270 01 10853, TR 0935-1050 CLAS 08/27",,
11:00 A.M. - 12:15 P.M.,"ENGL 1010 23 16051, TR 1100-1215 CLAS 08/27",,
1:20 P.M. - 2:35 P.M.,"EDSE 4270 01 10858, TR 1320-1435 CLAS 08/27",,
EA 211,,,
Event Times,Event,Contact,
9:35 A.M. - 10:50 A.M.,"RMAL 3020 01 18258, TR 0935-1050 CLAS 08/27","Garcia, Veronica",
11:00 A.M. - 12:15 P.M.,"ENGL 4010 04 18458, TR 1100-1215 CLAS 08/27",,
1:20 P.M. - 2:35 P.M.,"CNSL 1000 01 12024, TR 1320-1435 CLAS 08/27",,
EA 215,,,
Event Times,Event,Contact,
9:35 A.M. - 10:50 A.M.,"EDST 2450 03 10862, TR 0935-1050 CLAS 08/27",,
11:00 A.M. - 12:15 P.M.,"ENGL 1010 32 XL 13832, TR 1100-1215 CLAS 08/27","LYNX, CNET",
11:00 A.M. - 12:15 P.M.,"ENGL 1010 32A XL 15662, TR 1100-1215 CLAS 08/27",,
1:20 P.M. - 2:35 P.M.,"ENGL 1010 09 11826, TR 1320-1435 CLAS 08/27",,
EA 225,,,
Event Times,Event,Contact,
9:35 A.M. - 10:50 A.M.,"STEP 1000 17 16801, TR 0935-1050 CLAS 08/27",,
9:35 A.M. - 10:50 A.M.,"STEP 1000 17A 16822, TR 0935-1050 CLAS 08/27","LYNX, CNET",
11:00 A.M. - 12:15 P.M.,"STEP 1000 10 16794, TR 1100-1215 CLAS 08/27",,
1:20 P.M. - 2:35 P.M.,"EDST 2450 04 10863, TR 1320-1435 CLAS 08/27",,
4:30 P.M. - 5:45 P.M.,"EDST 3200 01 15843, TR 1630-1745 CLAS 08/27","Garcia, Veronica",
EA 229,,,
Event Times,Event,Contact,
8:10 A.M. - 9:25 A.M.,"ENGL 1010 02 11825, TR 0810-0925 CLAS 08/27","Garcia, Veronica",
9:35 A.M. - 10:50 A.M.,"NAIS 4100 01 16916, TR 0935-1050 CLAS 08/27","Garcia, Veronica",
11:00 A.M. - 11:50 A.M.,"STEP 1102 06 18212, TR 1100-1150 CLAS 08/27",,
1:00 P.M. - 1:50 P.M.,"SPAN 1010 06 10466, MTWR 1300-1350 CLAS 08/26",,
1:50 P.M. - 3:05 P.M.,"EAP 2110 02 18546, TR 1350-1505 CLAS 08/27","Garcia, Veronica",
EA 304,,,
Event Times,Event,Contact,
1:20 P.M. - 2:35 P.M.,"EDSE 3273 01 10855, TR 1320-1435 CLAS 08/27",,
2:45 P.M. - 4:25 P.M.,"EDSE 4273 01 11438, TR 1445-1625 CLAS 08/27",,
EA 308,,,
Event Times,Event,Contact,
11:00 A.M. - 12:15 P.M.,"EDSE 3275 01 10856, TR 1100-1215 CLAS 08/27",,
1:20 P.M. - 2:50 P.M.,"EDSE 4275 01 17518, TR 1320-1450 CLAS 08/27",,
EA 314,,,
Event Times,Event,Contact,
9:35 A.M. - 10:50 A.M.,"ENGL 1010 16 16049, TR 0935-1050 CLAS 08/27","LYNX, CNET",
12:00 P.M. - 12:50 P.M.,"SPAN 1010 02 17162, MTWR 1200-1250 CLAS 08/26","Garcia, Veronica",
1:20 P.M. - 2:35 P.M.,"EDEX 2484 01 10851, TR 1320-1435 CLAS 08/27",,
EA 318,,,
Event Times,Event,Contact,
2:45 P.M. - 4:00 P.M.,"EDSE 3271 01 10854, TR 1445-1600 CLAS 08/27",,
4:10 P.M. - 6:00 P.M.,"EDSE 4271 01 10859, TR 1610-1800 CLAS 08/27",,
ED 06,,,
Event Times,Event,Contact,
8:00 A.M. - 9:15 A.M.,"EDAG 3150 01 15812, TR 0800-0915 CLAS 08/27",,
ED 45,,,
Event Times,Event,Contact,
,,,
ED 47,,,
Event Times,Event,Contact,
,,,
EERB 118,,,
Event Times,Event,Contact,
,,,
EERB 233,,,
Event Times,Event,Contact,
11:00 A.M. - 12:15 P.M.,"PETE 3255 01 11732, TR 1100-1215 CLAS 08/27",,
EERB 248,,,
Event Times,Event,Contact,
,,,
EERB 251,,,
Event Times,Event,Contact,
9:35 A.M. - 10:50 A.M.,"ORTM 1000 01 13826, TR 0935-1050 CLAS 08/27","Garcia, Veronica",
1:20 P.M. - 2:35 P.M.,"BE 4810 01 XL 17056, TR 1320-1435 CLAS 08/27",,
4:10 P.M. - 5:00 P.M.,"COSC 4950 01 11210, T 1610-1700 CLAS 08/27",,
EERB 255,,,
Event Times,Event,Contact,
,,,
EERB 350,,,
Event Times,Event,Contact,
11:00 A.M. - 12:00 P.M.,Katie Li-Oakey,"Zwieg, Minette A.",766-4992
12:00 P.M. - 2:00 P.M.,Roberta Maia Sabino,"Zwieg, Minette A.",766-4992
EIC 201,,,
Event Times,Event,Contact,
9:00 A.M. - 10:20 A.M.,"ENR 5890 03 XL 17778, TR 0900-1020 CLAS 08/27",,
9:00 A.M. - 10:20 A.M.,"ERS 4130 01 XL 13333, TR 0900-1020 CLAS 08/27",,
9:00 A.M. - 10:20 A.M.,"ERS 5990 03 XL 18354, TR 0900-1020 CLAS 08/27",,
11:00 A.M. - 12:15 P.M.,"ENR 1000 01 XL 12885, TR 1100-1215 CLAS 08/27",,
11:00 A.M. - 12:15 P.M.,"ERS 1000 01 XL 12867, TR 1100-1215 CLAS 08/27",,
1:20 P.M. - 2:35 P.M.,"ERS 4110 01 XL 17760, TR 1320-1435 CLAS 08/27",,
1:20 P.M. - 2:35 P.M.,"ERS 5990 02 XL 18352, TR 1320-1435 CLAS 08/27",,
2:45 P.M. - 4:00 P.M.,"ERS 4100 01 XL 13422, TR 1445-1600 CLAS 08/27",,
2:45 P.M. - 4:00 P.M.,"ERS 5990 01 XL 18350, TR 1445-1600 CLAS 08/27",,
EIC 209,,,
Event Times,Event,Contact,
,,,
EN 1034,,,
Event Times,Event,Contact,
9:00 A.M. - 12:15 P.M.,ME 3005 Section 10/11,"Wittstock, Mark",
1:20 P.M. - 2:35 P.M.,ME 3005 Section 12,"Wittstock, Mark",
EN 1039,,,
Event Times,Event,Contact,
9:30 A.M. - 10:50 A.M.,ME3020-10,"Wittstock, Mark",
11:00 A.M. - 12:15 P.M.,ME3020-11,"Wittstock, Mark",
1:20 P.M. - 2:35 P.M.,ME3020-12,"Wittstock, Mark",
EN 1041,,,
Event Times,Event,Contact,
2:00 P.M. - 3:00 P.M.,PETE 1060,"Wittstock, Mark",
EN 1044,,,
Event Times,Event,Contact,
9:35 A.M. - 10:50 A.M.,"MATH 2250 04 13768, TR 0935-1050 CLAS 08/27",,
11:00 A.M. - 12:15 P.M.,"CHE 3100 01 13328, TR 1100-1215 CLAS 08/27","Garcia, Veronica",
1:20 P.M. - 2:35 P.M.,"POLS 3260 01 XL 17238, TR 1320-1435 CLAS 08/27",,
2:45 P.M. - 4:00 P.M.,"COSC 5110 01 18162, TR 1445-1600 CLAS 08/27",,
EN 1045,,,
Event Times,Event,Contact,
8:00 A.M. - 9:15 A.M.,"CM 3220 01 18134, TR 0800-0915 CLAS 08/27","Wheat, Lynn",
9:35 A.M. - 10:50 A.M.,"ME 4150 01 14304, TR 0935-1050 CLAS 08/27",,
11:00 A.M. - 12:15 P.M.,"ES 2210 02 10929, TR 1100-1215 CLAS 08/27",,
1:20 P.M. - 2:35 P.M.,"ME 4060 01 XL 11157, TR 1320-1435 CLAS 08/27",,
2:45 P.M. - 5:45 P.M.,"CE 2070 11 15457, T 1445-1745 CLAS 08/27",,
6:10 P.M. - 8:00 P.M.,"EE 3311 01 MMP 15917, T 1810-2000 CLAS 08/27",,
EN 1055,,,
Event Times,Event,Contact,
,,,
EN 1062,,,
Event Times,Event,Contact,
9:00 A.M. - 10:30 A.M.,Staff Workshop-Wendy Burroughs,"Zwieg, Minette A.",766-4992
12:00 P.M. - 1:00 P.M.,Information Session with Genesis Alkali,"Grabner, Tyler",
4:00 P.M. - 5:00 P.M.,USPTO Information Session,"Grabner, Tyler",
5:00 P.M. - 6:00 P.M.,ANS Meeting - Jacob Hepler,"Camp, Annette",
EN 2100,,,
Event Times,Event,Contact,
8:10 A.M. - 9:25 A.M.,"EE 3220 01 10874, TR 0810-0925 CLAS 08/27",,
9:35 A.M. - 10:50 A.M.,"MATH 0921 32 10420, TR 0935-1050 CLAS 08/27",,
11:00 A.M. - 11:50 A.M.,"PHYS 1110 20 10326, T 1100-1150 CLAS 08/27",,
1:20 P.M. - 2:35 P.M.,"PSYC 4390 01 17940, TR 1320-1435 CLAS 08/27","Garcia, Veronica",
3:10 P.M. - 4:00 P.M.,"PHYS 1110 21 10327, T 1510-1600 CLAS 08/27",,
4:10 P.M. - 5:00 P.M.,"PHYS 1110 22 10329, T 1610-1700 CLAS 08/27",,
EN 2101,,,
Event Times,Event,Contact,
9:35 A.M. - 10:15 A.M.,"CM 3220 10 17222, T 0935-1015 CLAS 08/27",,
11:00 A.M. - 12:15 P.M.,"HP 1020 03 10928, TR 1100-1215 CLAS 08/27","Garcia, Veronica",
1:20 P.M. - 2:35 P.M.,"HP 1020 13 17240, TR 1320-1435 CLAS 08/27","Garcia, Veronica",
2:45 P.M. - 4:00 P.M.,"COMP 3000 01 18100, TR 1445-1600 CLAS 08/27","Garcia, Veronica",
EN 2102,,,
Event Times,Event,Contact,
,,,
EN 2104,,,
Event Times,Event,Contact,
8:10 A.M. - 9:25 A.M.,"ARE 3210 02 15417, TR 0810-0925 CLAS 08/27",,
EN 2105,,,
Event Times,Event,Contact,
8:10 A.M. - 12:00 P.M.,"ENR 5270 01 XL 17886, T 0810-1200 CLAS 08/27",,
8:10 A.M. - 12:00 P.M.,"ZOO 5270 01 XL 18103, T 0810-1200 CLAS 08/27",,
2:45 P.M. - 3:35 P.M.,"EE 3510 03 MMP 18430, T 1445-1535 CLAS 08/27",,
EN 2106,,,
Event Times,Event,Contact,
1:20 P.M. - 2:35 P.M.,"COMM 2095 02 16015, TR 1320-1435 CLAS 08/27",,
2:45 P.M. - 4:00 P.M.,"GIST 2310 01 15584, TR 1445-1600 CLAS 08/27","Garcia, Veronica",
4:10 P.M. - 5:00 P.M.,"LIFE 3050 22 11849, T 1610-1700 CLAS 08/27",,
EN 2108,,,
Event Times,Event,Contact,
8:10 A.M. - 9:25 A.M.,"REWM 4830 01 17120, TR 0810-0925 CLAS 08/27",,
9:35 A.M. - 10:50 A.M.,"CE 3210 01 15414, TR 0935-1050 CLAS 08/27",,
11:00 A.M. - 12:15 P.M.,"ENGL 2345 01 16838, TR 1100-1215 CLAS 08/27",,
1:20 P.M. - 3:50 P.M.,"EDST 3100 02 15838, TR 1320-1550 CLAS 08/27","Garcia, Veronica",
EN 2109,,,
Event Times,Event,Contact,
9:35 A.M. - 11:25 A.M.,"PSYC 2000 01 MMP 10004, TR 0935-1125 CLAS 08/27",,
1:20 P.M. - 2:10 P.M.,"LIFE 3050 20 11493, T 1320-1410 CLAS 08/27",,
2:45 P.M. - 3:35 P.M.,"LIFE 3050 21 11494, T 1445-1535 CLAS 08/27",,
5:10 P.M. - 7:00 P.M.,"COSC 1030 10 13603, T 1710-1900 CLAS 08/27",,
EN 2110,,,
Event Times,Event,Contact,
8:00 A.M. - 8:50 A.M.,"SPAN 1010 01 10375, MTWR 0800-0850 CLAS 08/26",,
9:35 A.M. - 10:50 A.M.,"BOT 4200 01 XL 17226, TR 0935-1050 CLAS 08/27","Garcia, Veronica",
9:35 A.M. - 10:50 A.M.,"BOT 5200 01 XL 17227, TR 0935-1050 CLAS 08/27",,
11:00 A.M. - 12:15 P.M.,"SOC 3110 01 17921, TR 1100-1215 CLAS 08/27",,
1:20 P.M. - 3:50 P.M.,"HP 4154 01 18373, T 1320-1550 CLAS 08/27","Garcia, Veronica",
EN 3044,,,
Event Times,Event,Contact,
9:35 A.M. - 10:50 A.M.,"CE 5590 01 18021, TR 0935-1050 CLAS 08/27",,
EN 3046,,,
Event Times,Event,Contact,
,,,
EN 3056,,,
Event Times,Event,Contact,
11:00 A.M. - 12:15 P.M.,"ARE 3600 01 12690, TR 1100-1215 CLAS 08/27",,
1:20 P.M. - 2:35 P.M.,"UWYO 3600 01 16082, TR 1320-1435 CLAS 08/27","Garcia, Veronica",
2:45 P.M. - 3:50 P.M.,"UWYO 1010 01 17548, TR 1445-1550 CLAS 08/27","Garcia, Veronica",
EN 3070,,,
Event Times,Event,Contact,
8:10 A.M. - 9:25 A.M.,"CE 3210 02 15416, TR 0810-0925 CLAS 08/27",,
9:35 A.M. - 10:50 A.M.,"CE 3400 01 13244, TR 0935-1050 CLAS 08/27",,
11:00 A.M. - 12:15 P.M.,"AAST 1030 01 XL 14085, TR 1100-1215 CLAS 08/27",,
11:00 A.M. - 12:15 P.M.,"GWST 1030 01 XL 15418, TR 1100-1215 CLAS 08/27",,
1:20 P.M. - 2:35 P.M.,"ARE 4920 01 18625, TR 1320-1435 CLAS 08/27",,
2:45 P.M. - 4:00 P.M.,"ARE 3400 01 XL 10056, TR 1445-1600 CLAS 08/27",,
2:45 P.M. - 4:00 P.M.,"ME 3400 01 XL 11156, TR 1445-1600 CLAS 08/27",,
EN 3102,,,
Event Times,Event,Contact,
10:00 A.M. - 10:50 A.M.,"COSC 3050 01 18221, T 1000-1050 CLAS 08/27","Garcia, Veronica",
11:00 A.M. - 12:15 P.M.,"COJO 3010 01 13753, TR 1100-1215 CLAS 08/27","Garcia, Veronica",
1:20 P.M. - 2:35 P.M.,"EDEL 2140 01 12282, TR 1320-1435 CLAS 08/27","Garcia, Veronica",
EN 3104,,,
Event Times,Event,Contact,
11:00 A.M. - 12:15 P.M.,"ENGL 4040 02 17167, TR 1100-1215 CLAS 08/27","Wheat, Lynn",
3:10 P.M. - 4:00 P.M.,"CE 4650 01 XL 16645, TR 1510-1600 CLAS 08/27",,
3:10 P.M. - 4:00 P.M.,"CE 5650 01 XL 16646, TR 1510-1600 CLAS 08/27",,
EN 3105,,,
Event Times,Event,Contact,
9:35 A.M. - 10:50 A.M.,"ENGL 3010 01 15538, TR 0935-1050 CLAS 08/27",,
11:00 A.M. - 11:50 A.M.,"SPAN 1020 04 12883, MTWR 1100-1150 CLAS 08/26",,
12:00 P.M. - 12:50 P.M.,"SPAN 2040 01 10495, MTWR 1200-1250 CLAS 08/26","LYNX, CNET",
1:10 P.M. - 2:00 P.M.,"EE 4820 01 10968, TR 1310-1400 CLAS 08/27",,
3:10 P.M. - 4:00 P.M.,"CHEM 1000 20 10175, T 1510-1600 CLAS 08/27",,
4:10 P.M. - 5:00 P.M.,"CHEM 1000 21 10176, T 1610-1700 CLAS 08/27",,
5:10 P.M. - 6:00 P.M.,"CHEM 1000 23 16894, T 1710-1800 CLAS 08/27",,
EN 3106,,,
Event Times,Event,Contact,
10:00 A.M. - 10:50 A.M.,"SPAN 1020 03 10482, MTWR 1000-1050 CLAS 08/26","Garcia, Veronica",
11:00 A.M. - 12:15 P.M.,"INST 2230 01 18051, TR 1100-1215 CLAS 08/27","Garcia, Veronica",
1:20 P.M. - 2:35 P.M.,"POLS 3600 01 15294, TR 1320-1435 CLAS 08/27",,
EN 3108,,,
Event Times,Event,Contact,
,,,
EN 3109,,,
Event Times,Event,Contact,
,,,
EN 3110,,,
Event Times,Event,Contact,
8:00 A.M. - 8:50 A.M.,"MATH 2200 01 10437, MTWF 0800-0850 CLAS 08/26",,
9:00 A.M. - 9:50 A.M.,"MATH 2200 02 10439, MTWF 0900-0950 CLAS 08/26",,
10:00 A.M. - 10:50 A.M.,"MATH 2200 04 10441, MTWF 1000-1050 CLAS 08/26",,
11:00 A.M. - 12:15 P.M.,"MATH 4440 01 12028, TR 1100-1215 CLAS 08/27","Garcia, Veronica",
1:20 P.M. - 2:35 P.M.,"LIFE 3500 01 12924, TR 1320-1435 CLAS 08/27",,
EN 3111,,,
Event Times,Event,Contact,
8:10 A.M. - 9:25 A.M.,"MATH 1000 01 10427, TR 0810-0925 CLAS 08/27",,
9:35 A.M. - 10:50 A.M.,"MATH 2310 04 11677, TR 0935-1050 CLAS 08/27",,
11:00 A.M. - 12:15 P.M.,"ANTH 1325 1 17801, TR 1100-1215 CLAS 08/27",,
1:20 P.M. - 2:35 P.M.,"STEP 1000 12 XL 16796, TR 1320-1435 CLAS 08/27",,
1:20 P.M. - 2:35 P.M.,"STEP 1000 12A XL 16817, TR 1320-1435 CLAS 08/27",,
EN 3112,,,
Event Times,Event,Contact,
9:00 A.M. - 9:50 A.M.,"MATH 2200 03 10440, MTWF 0900-0950 CLAS 08/26",,
11:00 A.M. - 12:15 P.M.,"CE 2070 01 15455, TR 1100-1215 CLAS 08/27",,
1:20 P.M. - 2:35 P.M.,"CE 3600 01 14126, TR 1320-1435 CLAS 08/27",,
EN 3114,,,
Event Times,Event,Contact,
9:35 A.M. - 10:50 A.M.,"CHE 3072 1 18366, TR 0935-1050 CLAS 08/27",,
11:00 A.M. - 12:15 P.M.,"CE 4610 01 XL 10156, TR 1100-1215 CLAS 08/27",,
11:00 A.M. - 12:15 P.M.,"CE 5610 01 XL 13475, TR 1100-1215 CLAS 08/27",,
1:20 P.M. - 2:35 P.M.,"HP 3050 02 18227, TR 1320-1435 CLAS 08/27","Garcia, Veronica",
6:00 P.M. - 7:00 P.M.,Engineers Without Borders,"Bjorkquist, Hunter",
EN 4023,,,
Event Times,Event,Contact,
9:30 A.M. - 12:00 P.M.,Rock Mechanics Class,"Donahue, Veronica",
EN 4045,,,
Event Times,Event,Contact,
9:35 A.M. - 10:50 A.M.,"PETE 2060 01 12023, TR 0935-1050 CLAS 08/27",,
11:00 A.M. - 12:15 P.M.,"CHE 5355 01 XL 12760, TR 1100-1215 CLAS 08/27",,
1:20 P.M. - 2:35 P.M.,"CHE 3015 01 11355, TR 1320-1435 CLAS 08/27",,
EN 4066,,,
Event Times,Event,Contact,
,,,
EN 5038,,,
Event Times,Event,Contact,
,,,
EN 6060,,,
Event Times,Event,Contact,
,,,
EN 6085,,,
Event Times,Event,Contact,
3:00 P.M. - 4:00 P.M.,"ATSC 5890 01 13840, T 1500-1600 CLAS 08/27",,
ESB 1004,,,
Event Times,Event,Contact,
9:35 A.M. - 10:50 A.M.,"GEOL 3500 10 16939, T 0935-1050 CLAS 08/27","Garcia, Veronica",
ESB 1006,,,
Event Times,Event,Contact,
8:10 A.M. - 9:25 A.M.,GEOL 4525,"Kasymova, Dariia",
2:45 P.M. - 4:00 P.M.,"GEOL 4777 01 XL 17915, TR 1445-1600 CLAS 08/27",,
2:45 P.M. - 4:00 P.M.,"GEOL 5777 01 XL 17916, TR 1445-1600 CLAS 08/27",,
ESB 1038,,,
Event Times,Event,Contact,
8:10 A.M. - 9:25 A.M.,GEOL 4525,"Kasymova, Dariia",
12:20 P.M. - 1:10 P.M.,"GEOL 5020 01 11032, TR 1220-1310 CLAS 08/27",,
1:20 P.M. - 2:35 P.M.,GEOL 5215,"Kasymova, Dariia",
2:45 P.M. - 4:00 P.M.,Kaszuba's Class 4777,"Kasymova, Dariia",
6:10 P.M. - 8:00 P.M.,"GEOL 4444 10 XL 13706, TR 1810-2000 CLAS 08/27",,
6:10 P.M. - 8:00 P.M.,"GEOL 5444 10 XL 13707, TR 1810-2000 CLAS 08/27",,
GE 202,,,
Event Times,Event,Contact,
,,,
GE 211,,,
Event Times,Event,Contact,
,,,
GE 213,,,
Event Times,Event,Contact,
8:00 A.M. - 9:00 A.M.,"GEOL 4490 01 MMP 18379, T 0800-0900 CLAS 08/27",,
5:00 P.M. - 6:00 P.M.,"GEOL 4490 01 MMP 18379, TR 1700-1800 CLAS 08/27",,
GE 216,,,
Event Times,Event,Contact,
9:35 A.M. - 10:50 A.M.,"CRMJ 2400 01 XL 10521, TR 0935-1050 CLAS 08/27",,
9:35 A.M. - 10:50 A.M.,"SOC 2400 01 XL 10116, TR 0935-1050 CLAS 08/27",,
11:00 A.M. - 12:15 P.M.,"GEOL 3600 01 17910, TR 1100-1215 CLAS 08/27",,
1:20 P.M. - 2:35 P.M.,"GEOL 1060 01 15305, TR 1320-1435 CLAS 08/27",,
GE 318,,,
Event Times,Event,Contact,
9:35 A.M. - 10:50 A.M.,"GEOL 2010 01 17903, TR 0935-1050 CLAS 08/27",,
11:00 A.M. - 12:15 P.M.,"GEOL 4200 02 XL 17086, TR 1100-1215 CLAS 08/27",,
11:00 A.M. - 12:15 P.M.,"GEOL 5200 02 XL 17087, TR 1100-1215 CLAS 08/27",,
1:10 P.M. - 3:00 P.M.,"GEOL 4610 11 10920, T 1310-1500 CLAS 08/27",,
GH 106,,,
Event Times,Event,Contact,
8:10 A.M. - 9:25 A.M.,"HP 1020 05 14226, TR 0810-0925 CLAS 08/27",,
9:35 A.M. - 10:50 A.M.,"HP 1020 09 15749, TR 0935-1050 CLAS 08/27",,
1:20 P.M. - 2:35 P.M.,"HP 1020 10 15750, TR 1320-1435 CLAS 08/27",,
2:45 P.M. - 4:00 P.M.,"HP 1020 04 13428, TR 1445-1600 CLAS 08/27",,
GH 210,,,
Event Times,Event,Contact,
,,,
HA 115,,,
Event Times,Event,Contact,
6:00 P.M. - 7:00 P.M.,Men's Soccer Meeting,"Rademacher, Joe",
HA 117,,,
Event Times,Event,Contact,
,,,
HA 225,,,
Event Times,Event,Contact,
5:30 P.M. - 6:30 P.M.,Fitness Class - Zumba,"Bretting, Kevin",
HA 227,,,
Event Times,Event,Contact,
6:15 A.M. - 8:30 A.M.,Fitness Class - Cycling,"Bretting, Kevin",
5:30 P.M. - 6:30 P.M.,Fitness Class - Cycling,"Bretting, Kevin",
HA 325,,,
Event Times,Event,Contact,
,,,
HA 327,,,
Event Times,Event,Contact,
12:00 P.M. - 1:00 P.M.,Fitness Class - Total Body Training,"Bretting, Kevin",
HI 155,,,
Event Times,Event,Contact,
9:35 A.M. - 10:50 A.M.,"HIST 4470 01 XL 17841, TR 0935-1050 CLAS 08/27",,
9:35 A.M. - 10:50 A.M.,"HIST 5470 01 XL 18411, TR 0935-1050 CLAS 08/27",,
11:00 A.M. - 12:15 P.M.,"CW 1040 1 18180, TR 1100-1215 CLAS 08/27","Garcia, Veronica",
1:20 P.M. - 2:35 P.M.,"ENGL 1010 24 16052, TR 1320-1435 CLAS 08/27","Garcia, Veronica",
2:45 P.M. - 4:00 P.M.,"HIST 4530 01 XL 15354, TR 1445-1600 CLAS 08/27",,
2:45 P.M. - 4:00 P.M.,"HIST 5530 01 XL 15389, TR 1445-1600 CLAS 08/27",,
HI 156,,,
Event Times,Event,Contact,
8:10 A.M. - 9:25 A.M.,"HIST 5400 03 18748, TR 0810-0925 CLAS 08/27",,
11:00 A.M. - 12:15 P.M.,"HIST 4030 01 11050, TR 1100-1215 CLAS 08/27",,
2:45 P.M. - 4:00 P.M.,"HIST 4406 01 17837, TR 1445-1600 CLAS 08/27",,
2:45 P.M. - 4:00 P.M.,"HIST 5406 01 18410, TR 1445-1600 CLAS 08/27","Garcia, Veronica",
HO 005,,,
Event Times,Event,Contact,
10:00 A.M. - 10:50 A.M.,"FREN 1010 02 18508, MTWR 1000-1050 CLAS 08/26","Garcia, Veronica",
11:00 A.M. - 12:15 P.M.,"COMM 2010 12 17454, TR 1100-1215 CLAS 08/27",,
1:20 P.M. - 2:35 P.M.,ENGL 4061,"Somlyay, Laszlo",
2:45 P.M. - 4:00 P.M.,"ENGL 3600 02 17486, TR 1445-1600 CLAS 08/27",,
HO 008,,,
Event Times,Event,Contact,
4:00 P.M. - 4:01 P.M.,CW 5540-01,"Somlyay, Laszlo",
HO 011,,,
Event Times,Event,Contact,
9:35 A.M. - 10:50 A.M.,"GERM 2030 01 MMP 11042, TR 0935-1050 CLAS 08/27","Garcia, Veronica",
9:35 A.M. - 10:50 A.M.,"GERM 2040 01 17212, TR 0935-1050 CLAS 08/27","LYNX, CNET",
11:00 A.M. - 12:50 P.M.,"FREN 2030 01 16982, TR 1100-1250 CLAS 08/27","LYNX, CNET",
2:45 P.M. - 4:00 P.M.,"SPAN 3050 01 16999, TR 1445-1600 CLAS 08/27",,
HO 012,,,
Event Times,Event,Contact,
9:35 A.M. - 10:50 A.M.,ENGL 4067,"Somlyay, Laszlo",
HO 021,,,
Event Times,Event,Contact,
,,,
HO 037,,,
Event Times,Event,Contact,
9:35 A.M. - 10:50 A.M.,"ENGL 2025 02 13732, TR 0935-1050 CLAS 08/27","LYNX, CNET",
11:00 A.M. - 12:50 P.M.,FREN 2030,"Somlyay, Laszlo",
3:10 P.M. - 4:00 P.M.,"CHIN 2030 01 10054, MTWR 1510-1600 CLAS 08/26","LYNX, CNET",
4:10 P.M. - 5:00 P.M.,"CHIN 1010 01 11070, MTWR 1610-1700 CLAS 08/26","LYNX, CNET",
HO 040,,,
Event Times,Event,Contact,
,,,
HO 125,,,
Event Times,Event,Contact,
9:35 A.M. - 10:50 A.M.,"COMM 2010 09 17835, TR 0935-1050 CLAS 08/27",,
11:00 A.M. - 11:50 A.M.,"ARBC 1010 01 11913, MTWR 1100-1150 CLAS 08/26","Garcia, Veronica",
1:20 P.M. - 2:35 P.M.,SPAN 5900,"Somlyay, Laszlo",
4:00 P.M. - 5:00 P.M.,ENGL meetins,"Somlyay, Laszlo",
6:10 P.M. - 9:00 P.M.,"ENR 4051 01 XL 18275, T 1810-2100 CLAS 08/27",,
6:10 P.M. - 9:00 P.M.,"POLS 4051 01 XL 18128, T 1810-2100 CLAS 08/27",,
6:10 P.M. - 9:00 P.M.,"POLS 5051 01 XL 18130, T 1810-2100 CLAS 08/27",,
HO 142,,,
Event Times,Event,Contact,
11:00 A.M. - 12:50 P.M.,FREN 2030,"Somlyay, Laszlo",
1:20 P.M. - 2:35 P.M.,"ENGL 4040 01 18063, TR 1320-1435 CLAS 08/27","LYNX, CNET",
2:45 P.M. - 4:00 P.M.,ENGL 4999,"Somlyay, Laszlo",
5:10 P.M. - 8:00 P.M.,ENGL 5065,"Somlyay, Laszlo",
HS 105,,,
Event Times,Event,Contact,
9:00 A.M. - 9:50 A.M.,"PHCY 6230 01 10257, MTR 0900-0950 CLAS 08/26","Ohlschwager, Andrew",
10:00 A.M. - 10:50 A.M.,"PHCY 6230 20 10258, TR 1000-1050 CLAS 08/27",,
11:00 A.M. - 12:15 P.M.,"PHCY 6341 01 10261, TR 1100-1215 CLAS 08/27",,
12:30 P.M. - 1:30 P.M.,NCPA meeting,"Guimont, Lillian",
HS 205,,,
Event Times,Event,Contact,
,,,
HS 232,,,
Event Times,Event,Contact,
,,,
HS 248,,,
Event Times,Event,Contact,
8:10 A.M. - 9:25 A.M.,"SPPA 5280 01 13989, TR 0810-0925 CLAS 08/27",,
1:10 P.M. - 2:35 P.M.,"SPPA 5140 01 15492, TR 1310-1435 CLAS 08/27",,
HS 364,,,
Event Times,Event,Contact,
7:00 A.M. - 7:00 P.M.,"NURS 3695 01 13637, TR 0700-1900 CLAS 08/27",,
7:00 A.M. - 7:00 P.M.,"NURS 4695 01 14236, TR 0700-1900 CLAS 08/27",,
HS 427,,,
Event Times,Event,Contact,
9:00 A.M. - 9:50 A.M.,"SPAN 1010 03 10377, MTWR 0900-0950 CLAS 08/26",,
10:00 A.M. - 10:50 A.M.,"PHCY 6106 01 11059, TR 1000-1050 CLAS 08/27",,
11:00 A.M. - 11:50 A.M.,"PHCY 6100 01 10256, MTWR 1100-1150 CLAS 08/26",,
2:45 P.M. - 4:00 P.M.,"COSC 3015 01 10310, TR 1445-1600 CLAS 08/27","Garcia, Veronica",
HS 459,,,
Event Times,Event,Contact,
,,,
HS 463,,,
Event Times,Event,Contact,
9:35 A.M. - 10:50 A.M.,"PHCY 6312 01 10260, TR 0935-1050 CLAS 08/27",,
11:00 A.M. - 12:15 P.M.,"PHCY 6240 01 14042, TR 1100-1215 CLAS 08/27",,
1:20 P.M. - 2:35 P.M.,"CRMJ 3350 01 12296, TR 1320-1435 CLAS 08/27",,
ITC 106,,,
Event Times,Event,Contact,
,,,
KH 238,,,
Event Times,Event,Contact,
,,,
LS 170,,,
Event Times,Event,Contact,
9:30 A.M. - 10:50 A.M.,"LAW 6150 01 17098, TR 0930-1050 CLAS 08/20",,
11:00 A.M. - 12:20 P.M.,"LAW 6915 07 18233, TR 1100-1220 CLAS 08/20",,
1:15 P.M. - 2:35 P.M.,"LAW 6630 01 11947, TR 1315-1435 CLAS 08/20",,
2:45 P.M. - 4:05 P.M.,"LAW 6790 01 12073, TR 1445-1605 CLAS 08/20",,
LS 178,,,
Event Times,Event,Contact,
8:25 A.M. - 9:20 A.M.,"LAW 6165 02 11525, T 0825-0920 CLAS 08/20",,
9:30 A.M. - 10:50 A.M.,"LAW 6240 01 11805, TR 0930-1050 CLAS 08/20",,
11:00 A.M. - 12:20 P.M.,"LAW 6120 01 10412, TR 1100-1220 CLAS 08/20",,
1:15 P.M. - 2:35 P.M.,"LAW 6160 01 15870, TR 1315-1435 CLAS 08/20",,
3:15 P.M. - 4:35 P.M.,"LAW 6160 04 15873, TR 1515-1635 CLAS 08/20",,
LS 180,,,
Event Times,Event,Contact,
,,,
LS 182,,,
Event Times,Event,Contact,
9:30 A.M. - 10:50 A.M.,"LAW 6935 01 18224, TR 0930-1050 CLAS 08/20",,
11:00 A.M. - 12:20 P.M.,"LAW 6660 01 18225, TR 1100-1220 CLAS 08/20",,
1:15 P.M. - 2:35 P.M.,"LAW 6915 01 18166, TR 1315-1435 CLAS 08/20",,
LS 186,,,
Event Times,Event,Contact,
8:00 A.M. - 9:20 A.M.,"LAW 6615 01 15914, TR 0800-0920 CLAS 08/20",,
9:30 A.M. - 10:50 A.M.,"LAW 6745 01 17094, TR 0930-1050 CLAS 08/20",,
12:30 P.M. - 1:00 P.M.,Inns of Court Info Session,"Anderson, Michell",766-2641
2:45 P.M. - 4:05 P.M.,"LAW 6915 06 17121, TR 1445-1605 CLAS 08/20",,
LS 191,,,
Event Times,Event,Contact,
1:15 P.M. - 2:35 P.M.,"LAW 6775 01 17097, TR 1315-1435 CLAS 08/20",,
3:00 P.M. - 4:50 P.M.,"LAW 6915 08 18786, T 1500-1650 CLAS 08/20",,
NAC 114,,,
Event Times,Event,Contact,
,,,
PA 1016,,,
Event Times,Event,Contact,
8:00 A.M. - 8:50 A.M.,"MUSC 1312 01 15137, MTWRF 0800-0850 CLAS 08/26",,
9:00 A.M. - 9:50 A.M.,"MUSC 1352 01 13600, MTWRF 0900-0950 CLAS 08/26",,
10:00 A.M. - 10:50 A.M.,"MUSC 4070 01 10640, TRF 1000-1050 CLAS 08/27",,
12:00 P.M. - 12:50 P.M.,"MUSC 1370 01 10553, MTWRF 1200-1250 CLAS 08/26",,
7:00 P.M. - 9:30 P.M.,"MUSC 1430 01 MMP 10559, T 1900-2130 CLAS 08/27",,
7:00 P.M. - 9:30 P.M.,"MUSC 3430 01 MMP 10639, T 1900-2130 CLAS 08/27",,
7:00 P.M. - 9:30 P.M.,"MUSC 5830 01 MMP 10752, T 1900-2130 CLAS 08/27",,
PA 1050,,,
Event Times,Event,Contact,
,,,
PA 1070,,,
Event Times,Event,Contact,
10:00 A.M. - 11:50 A.M.,"MUSC 4465 01 13596, TR 1000-1150 CLAS 08/27",,
1:10 P.M. - 2:00 P.M.,"MUSC 1150 01 10536, T 1310-1400 CLAS 08/27",,
PA 1077,,,
Event Times,Event,Contact,
1:20 P.M. - 2:35 P.M.,"THEA 2100 01 15875, TR 1320-1435 CLAS 08/27",,
2:45 P.M. - 4:00 P.M.,"THEA 3300 01 17066, TR 1445-1600 CLAS 08/27",,
PA 1131,,,
Event Times,Event,Contact,
11:00 A.M. - 12:15 P.M.,"THEA 1480 01 13795, TR 1100-1215 CLAS 08/27",,
2:45 P.M. - 4:35 P.M.,"THEA 3430 01 14097, TR 1445-1635 CLAS 08/27",,
2:45 P.M. - 4:35 P.M.,"THEA 4030 01 10780, TR 1445-1635 CLAS 08/27",,
PA 1133,,,
Event Times,Event,Contact,
11:00 A.M. - 12:30 P.M.,"THEA 3480 01 13797, TR 1100-1230 CLAS 08/27",,
11:00 A.M. - 12:30 P.M.,"THEA 3490 01 17845, TR 1100-1230 CLAS 08/27",,
2:45 P.M. - 4:15 P.M.,"THEA 2430 01 13794, TR 1445-1615 CLAS 08/27",,
PA 1140,,,
Event Times,Event,Contact,
,,,
PA 1142,,,
Event Times,Event,Contact,
,,,
PA 1152,,,
Event Times,Event,Contact,
3:10 P.M. - 4:45 P.M.,"MUSC 4655 01 18621, TR 1510-1645 CLAS 08/27",,
PA 2003,,,
Event Times,Event,Contact,
9:00 A.M. - 9:50 A.M.,"MUSC 1035 01 10530, TR 0900-0950 CLAS 08/27",,
10:00 A.M. - 10:50 A.M.,"MUSC 2035 01 10565, TR 1000-1050 CLAS 08/27",,
12:00 P.M. - 12:50 P.M.,"MUSC 1400 01 10558, MTRF 1200-1250 CLAS 08/26",,
12:00 P.M. - 12:50 P.M.,"MUSC 3400 01 10638, MTRF 1200-1250 CLAS 08/26",,
2:10 P.M. - 3:00 P.M.,"MUSC 2320 01 10602, TR 1410-1500 CLAS 08/27",,
PA 2037,,,
Event Times,Event,Contact,
,,,
PA 2054,,,
Event Times,Event,Contact,
,,,
PA 2102,,,
Event Times,Event,Contact,
1:20 P.M. - 2:35 P.M.,"THEA 3000 01 18406, TR 1320-1435 CLAS 08/27",,
PA 2140,,,
Event Times,Event,Contact,
9:35 A.M. - 10:50 A.M.,"THEA 1200 01 10774, TR 0935-1050 CLAS 08/27",,
11:00 A.M. - 12:15 P.M.,"THEA 3000 02 18407, TR 1100-1215 CLAS 08/27",,
PA 3058,,,
Event Times,Event,Contact,
,,,
PS 138,,,
Event Times,Event,Contact,
9:35 A.M. - 10:50 A.M.,"CHEM 4230 01 15297, TR 0935-1050 CLAS 08/27",,
2:10 P.M. - 3:30 P.M.,"CHEM 4230 10 MMP 10212, T 1410-1530 CLAS 08/27",,
PS 231,,,
Event Times,Event,Contact,
12:00 P.M. - 1:00 P.M.,Adam Tedeschi_ TA Office Hours,"Webb, Kathy",307.766.3732
1:00 P.M. - 2:00 P.M.,Kaycee Conder -PHYS 1220-Office Hours,"Webb, Kathy",307.766.3732
2:40 P.M. - 4:40 P.M.,Nawaraj Pokhrel TA Office Hours,"Webb, Kathy",307.766.3732
PS 234,,,
Event Times,Event,Contact,
9:35 A.M. - 10:50 A.M.,"PHYS 4410 01 12037, TR 0935-1050 CLAS 08/27",,
11:00 A.M. - 12:15 P.M.,"PHYS 4510 01 11719, TR 1100-1215 CLAS 08/27",,
1:20 P.M. - 2:35 P.M.,"PHYS 2310 01 10337, TR 1320-1435 CLAS 08/27",,
2:45 P.M. - 4:00 P.M.,"ECOL 5100 02 13053, TR 1445-1600 CLAS 08/27",,
5:00 P.M. - 7:00 P.M.,"CHEM 5100 1 18689, MTWR 1700-1900 CLAS 08/26",,
PS 239,,,
Event Times,Event,Contact,
9:35 A.M. - 10:50 A.M.,"ATSC 2200 01 18062, TR 0935-1050 CLAS 08/27",,
12:00 P.M. - 12:50 P.M.,"MATH 2200 07 MMP 10444, T 1200-1250 CLAS 08/27",,
1:10 P.M. - 2:00 P.M.,"MATH 2200 08 12208, MTWF 1310-1400 CLAS 08/26",,
RH 109,,,
Event Times,Event,Contact,
11:00 A.M. - 12:15 P.M.,"CW 4050 01 14239, TR 1100-1215 CLAS 08/27",,
3:10 P.M. - 4:00 P.M.,"MUSC 5625 01 17293, TR 1510-1600 CLAS 08/27","Garcia, Veronica",
RH 24,,,
Event Times,Event,Contact,
,,,
RH 247,,,
Event Times,Event,Contact,
8:10 A.M. - 9:25 A.M.,"MATH 5510 01 18195, TR 0810-0925 CLAS 08/27",,
9:35 A.M. - 10:50 A.M.,"MATH 5290 02 18198, TR 0935-1050 CLAS 08/27",,
1:20 P.M. - 2:35 P.M.,"MATH 5500 01 12186, TR 1320-1435 CLAS 08/27",,
4:10 P.M. - 5:00 P.M.,ACNT Seminar,"Winter, Roman",307-766-4221
RH 342,,,
Event Times,Event,Contact,
,,,
RH 408,,,
Event Times,Event,Contact,
,,,
SI 2010,,,
Event Times,Event,Contact,
8:10 A.M. - 9:25 A.M.,"KIN 2040 01 10383, TR 0810-0925 CLAS 08/27","Wheat, Lynn",
11:00 A.M. - 12:15 P.M.,"LIFE 3050 01 11463, TR 1100-1215 CLAS 08/27",,
1:20 P.M. - 2:35 P.M.,"PSYC 4200 01 17938, TR 1320-1435 CLAS 08/27","Garcia, Veronica",
2:45 P.M. - 4:00 P.M.,"ORTM 1050 01 13827, TR 1445-1600 CLAS 08/27","Garcia, Veronica",
6:00 P.M. - 7:00 P.M.,SI GEOL 1100 - Brown,"Willford, Jessica",766-4322
STEM 105,,,
Event Times,Event,Contact,
9:35 A.M. - 10:50 A.M.,"MATH 0900 31 17040, TR 0935-1050 CLAS 08/27",,
11:00 A.M. - 12:15 P.M.,"MATH 0921 33 10421, TR 1100-1215 CLAS 08/27",,
1:20 P.M. - 2:35 P.M.,"MATH 0925 31 10422, TR 1320-1435 CLAS 08/27",,
2:45 P.M. - 4:25 P.M.,"LIFE 2100 01 14577, T 1445-1625 CLAS 08/27",,
STEM 117,,,
Event Times,Event,Contact,
,,,
STEM 120,,,
Event Times,Event,Contact,
8:00 A.M. - 9:20 A.M.,"KIN 4074 01 XL 16361, TR 0800-0920 CLAS 08/27",,
8:00 A.M. - 9:20 A.M.,"KIN 5900 02 XL 16434, TR 0800-0920 CLAS 08/27",,
9:35 A.M. - 10:50 A.M.,"MATH 0925 34 10425, TR 0935-1050 CLAS 08/27",,
11:00 A.M. - 12:15 P.M.,"MATH 0925 35 16413, TR 1100-1215 CLAS 08/27",,
1:00 P.M. - 2:00 P.M.,CHEM 4507 Discussion,"Zhou, Jing",
STEM 145,,,
Event Times,Event,Contact,
1:20 P.M. - 4:10 P.M.,"PHYS 1090 01 11717, TR 1320-1610 CLAS 08/27",,
STEM 155,,,
Event Times,Event,Contact,
,,,
STEM 160,,,
Event Times,Event,Contact,
2:10 P.M. - 4:00 P.M.,"MICR 4321 10 12720, TR 1410-1600 CLAS 08/27","Wheat, Lynn",
STEM 175,,,
Event Times,Event,Contact,
11:00 A.M. - 12:50 P.M.,"PHYS 1110 10 10316, T 1100-1250 CLAS 08/27",,
1:10 P.M. - 3:00 P.M.,"PHYS 1110 11 10319, T 1310-1500 CLAS 08/27",,
3:10 P.M. - 5:00 P.M.,"PHYS 1110 12 10320, T 1510-1700 CLAS 08/27",,
7:10 P.M. - 9:00 P.M.,"PHYS 1110 13 11836, T 1910-2100 CLAS 08/27",,
STEM 180,,,
Event Times,Event,Contact,
1:10 P.M. - 2:00 P.M.,"STAT 2050 22 17797, TR 1310-1400 CLAS 08/27",,
2:10 P.M. - 3:00 P.M.,"STAT 2050 15 10511, TR 1410-1500 CLAS 08/27",,
3:10 P.M. - 4:00 P.M.,"STAT 2050 16 10512, TR 1510-1600 CLAS 08/27",,
4:10 P.M. - 5:00 P.M.,"STAT 2050 17 10759, TR 1610-1700 CLAS 08/27",,
STEM 185,,,
Event Times,Event,Contact,
1:10 P.M. - 3:00 P.M.,"PHYS 1210 10 13301, T 1310-1500 CLAS 08/27",,
3:10 P.M. - 5:00 P.M.,"PHYS 1210 11 13302, T 1510-1700 CLAS 08/27",,
STEM 195,,,
Event Times,Event,Contact,
10:00 A.M. - 10:50 A.M.,"ES 1060 02 10985, TR 1000-1050 CLAS 08/27","Garcia, Veronica",
1:20 P.M. - 2:35 P.M.,"ENR 3950 01 XL 15712, TR 1320-1435 CLAS 08/27","Garcia, Veronica",
1:20 P.M. - 2:35 P.M.,"SOC 3950 01 XL 15701, TR 1320-1435 CLAS 08/27",,
STEM 205,,,
Event Times,Event,Contact,
8:10 A.M. - 9:25 A.M.,"MATH 0925 36 17186, TR 0810-0925 CLAS 08/27",,
9:35 A.M. - 10:50 A.M.,"MATH 0925 37 17187, TR 0935-1050 CLAS 08/27",,
11:00 A.M. - 12:15 P.M.,"FCSC 2121 01 12289, TR 1100-1215 CLAS 08/27","Garcia, Veronica",
1:10 P.M. - 2:00 P.M.,"STAT 2050 14 10510, TR 1310-1400 CLAS 08/27","Garcia, Veronica",
2:10 P.M. - 3:00 P.M.,"STAT 2050 23 17798, TR 1410-1500 CLAS 08/27",,
3:10 P.M. - 4:00 P.M.,"STAT 2050 24 17799, TR 1510-1600 CLAS 08/27",,
4:10 P.M. - 5:00 P.M.,"STAT 2050 25 17800, TR 1610-1700 CLAS 08/27",,
STEM 215,,,
Event Times,Event,Contact,
9:35 A.M. - 10:50 A.M.,"STAT 4015 01 XL 11701, TR 0935-1050 CLAS 08/27",,
9:35 A.M. - 10:50 A.M.,"STAT 5015 01 XL 11702, TR 0935-1050 CLAS 08/27",,
11:00 A.M. - 12:15 P.M.,"BOT 4395 01 XL 17995, TR 1100-1215 CLAS 08/27","Garcia, Veronica",
11:00 A.M. - 12:15 P.M.,"BOT 5395 01 XL 17997, TR 1100-1215 CLAS 08/27",,
1:00 P.M. - 5:00 P.M.,"BOT 4700 10 MMP XL 10110, T 1300-1700 CLAS 08/27",,
1:00 P.M. - 5:00 P.M.,"BOT 5700 10 MMP XL 10114, T 1300-1700 CLAS 08/27",,
STEM 220,,,
Event Times,Event,Contact,
9:35 A.M. - 10:50 A.M.,"COMM 2100 02 16021, TR 0935-1050 CLAS 08/27",,
11:00 A.M. - 12:15 P.M.,"COMM 2100 03 16022, TR 1100-1215 CLAS 08/27",,
1:00 P.M. - 5:00 P.M.,"BOT 4700 10 MMP XL 10110, T 1300-1700 CLAS 08/27",,
1:00 P.M. - 5:00 P.M.,"BOT 5700 10 MMP XL 10114, T 1300-1700 CLAS 08/27",,
STEM 225,,,
Event Times,Event,Contact,
8:10 A.M. - 9:25 A.M.,"MATH 4600 01 10476, TR 0810-0925 CLAS 08/27",,
9:35 A.M. - 10:50 A.M.,"MATH 2120 01 14349, TR 0935-1050 CLAS 08/27",,
11:00 A.M. - 12:15 P.M.,"MATH 1100 02 10429, TR 1100-1215 CLAS 08/27",,
1:20 P.M. - 2:35 P.M.,"MATH 4150 01 10472, TR 1320-1435 CLAS 08/27",,
2:45 P.M. - 4:00 P.M.,"MATH 4200 01 18197, TR 1445-1600 CLAS 08/27",,
5:10 P.M. - 6:10 P.M.,SI COSC 2300 - Mulvaney,"Willford, Jessica",766-4322
STEM 235,,,
Event Times,Event,Contact,
,,,
STEM 245,,,
Event Times,Event,Contact,
1:10 P.M. - 4:00 P.M.,"LIFE 1101 01 15528, T 1310-1600 CLAS 08/27",,
STEM 255,,,
Event Times,Event,Contact,
8:10 A.M. - 9:25 A.M.,"MATH 2205 20 10448, T 0810-0925 CLAS 08/27",,
9:35 A.M. - 10:50 A.M.,"MATH 2205 21 11503, T 0935-1050 CLAS 08/27",,
11:00 A.M. - 12:15 P.M.,"MATH 2205 22 12912, T 1100-1215 CLAS 08/27",,
1:20 P.M. - 2:35 P.M.,"MATH 2205 23 12913, T 1320-1435 CLAS 08/27",,
STEM 265,,,
Event Times,Event,Contact,
1:10 P.M. - 3:00 P.M.,"LIFE 1010 10 11471, T 1310-1500 CLAS 08/27",,
3:10 P.M. - 5:00 P.M.,"LIFE 1010 11 11472, T 1510-1700 CLAS 08/27",,
7:10 P.M. - 9:00 P.M.,"LIFE 1010 12 11473, T 1910-2100 CLAS 08/27",,
STEM 275,,,
Event Times,Event,Contact,
1:10 P.M. - 3:00 P.M.,"LIFE 1010 20 11478, T 1310-1500 CLAS 08/27",,
3:10 P.M. - 5:00 P.M.,"LIFE 1010 21 11479, T 1510-1700 CLAS 08/27",,
7:10 P.M. - 9:00 P.M.,"LIFE 1010 22 11480, T 1910-2100 CLAS 08/27",,
STEM 280,,,
Event Times,Event,Contact,
9:35 A.M. - 11:50 A.M.,"LIFE 1020 01 11461, TR 0935-1150 CLAS 08/27",,
1:20 P.M. - 2:35 P.M.,"PATB 4170 01 XL 18052, TR 1320-1435 CLAS 08/27","Garcia, Veronica",
1:20 P.M. - 2:35 P.M.,"PATB 5170 01 XL 18053, TR 1320-1435 CLAS 08/27",,
STEM 285,,,
Event Times,Event,Contact,
1:10 P.M. - 3:00 P.M.,"LIFE 1010 30 18079, T 1310-1500 CLAS 08/27",,
3:10 P.M. - 5:00 P.M.,"LIFE 1010 31 18080, T 1510-1700 CLAS 08/27",,
STEM 295,,,
Event Times,Event,Contact,
2:10 P.M. - 4:50 P.M.,"LIFE 2023 12 11490, T 1410-1650 CLAS 08/27",,
STEM 315,,,
Event Times,Event,Contact,
9:35 A.M. - 10:50 A.M.,"PHYS 3000 01 16575, TR 0935-1050 CLAS 08/27","LYNX, CNET",
12:45 P.M. - 2:00 P.M.,"CHEM 4560 1 XL 17893, TR 1245-1400 CLAS 08/27","Garcia, Veronica",
12:45 P.M. - 2:00 P.M.,"CHEM 5560 01 XL 17899, TR 1245-1400 CLAS 08/27",,
2:00 P.M. - 3:00 P.M.,Laura de Sousa Oliveira office hours,"Rita de Sousa Oliveira, Laura",
3:10 P.M. - 5:00 P.M.,"COSC 1010 10 10297, T 1510-1700 CLAS 08/27",,
STEM 320,,,
Event Times,Event,Contact,
9:35 A.M. - 10:50 A.M.,"ENR 4890 01 17858, TR 0935-1050 CLAS 08/27",,
1:20 P.M. - 2:35 P.M.,"STAT 5050 01 11365, TR 1320-1435 CLAS 08/27",,
4:10 P.M. - 7:00 P.M.,"ENR 4890 03 18246, T 1610-1900 CLAS 08/27","Garcia, Veronica",
STEM 325,,,
Event Times,Event,Contact,
,,,
STEM 335,,,
Event Times,Event,Contact,
8:00 A.M. - 10:50 A.M.,"CHEM 2420 14 10203, T 0800-1050 CLAS 08/27",,
2:10 P.M. - 5:00 P.M.,"CHEM 2420 16 10205, T 1410-1700 CLAS 08/27",,
STEM 345,,,
Event Times,Event,Contact,
8:00 A.M. - 10:50 A.M.,"CHEM 2420 15 10204, T 0800-1050 CLAS 08/27",,
2:10 P.M. - 5:00 P.M.,"CHEM 2420 17 10206, T 1410-1700 CLAS 08/27",,
STEM 360,,,
Event Times,Event,Contact,
1:10 P.M. - 3:00 P.M.,"CHEM 1020 11F 12808, T 1310-1500 CLAS 08/27",,
STEM 375,,,
Event Times,Event,Contact,
1:10 P.M. - 3:00 P.M.,"CHEM 1020 13F 12333, T 1310-1500 CLAS 08/27",,
STEM 380,,,
Event Times,Event,Contact,
9:00 A.M. - 10:50 A.M.,"CHEM 1020 10E 16571, T 0900-1050 CLAS 08/27",,
1:10 P.M. - 3:00 P.M.,"CHEM 1020 10F 16572, T 1310-1500 CLAS 08/27",,
STEM 385,,,
Event Times,Event,Contact,
1:10 P.M. - 2:50 P.M.,"CHEM 1000 13 16891, T 1310-1450 CLAS 08/27",,
STEM 395,,,
Event Times,Event,Contact,
1:10 P.M. - 3:00 P.M.,"CHEM 1020 12F 10904, T 1310-1500 CLAS 08/27",,
VA 109,,,
Event Times,Event,Contact,
4:10 P.M. - 6:30 P.M.,"ART 4800 01 15974, T 1610-1830 CLAS 08/27",,
VA 111,,,
Event Times,Event,Contact,
,,,
VA 119,,,
Event Times,Event,Contact,
,,,
VA 229,,,
Event Times,Event,Contact,
11:00 A.M. - 1:20 P.M.,"ART 2112 01 11670, TR 1100-1320 CLAS 08/27",,
1:30 P.M. - 3:50 P.M.,"ART 3112 01 15122, TR 1330-1550 CLAS 08/27",,
Report Printed on Sep 20 2024 at 8:14 AM,,,Page 250 of 250
Location Search: CTS Room Search - Updated,,,