"Monday, Sep 16 2024",,,
AB 103,,,
Event Times,Event,Contact,
9:00 A.M. - 9:50 A.M.,"ANSC 4540 01 XL 13360, MWF 0900-0950 CLAS 08/26",,
9:00 A.M. - 9:50 A.M.,"ANSC 5540 01 XL 13497, MWF 0900-0950 CLAS 08/26",,
10:00 A.M. - 10:50 A.M.,"ANSC 2010 01 12696, MWF 1000-1050 CLAS 08/26",,
1:10 P.M. - 2:00 P.M.,"ANSC 1010 01 10045, MWF 1310-1400 CLAS 08/26",,
4:10 P.M. - 5:30 P.M.,"FDSC 3545 01 16002, MW 1610-1730 CLAS 08/26",,
AB 104,,,
Event Times,Event,Contact,
8:00 A.M. - 8:50 A.M.,"ANSC 4150 01 XL 12697, MWF 0800-0850 CLAS 08/26",,
8:00 A.M. - 8:50 A.M.,"ANSC 5150 01 XL 12698, MWF 0800-0850 CLAS 08/26",,
1:10 P.M. - 2:00 P.M.,"ANSC 4260 01 XL 13271, MWF 1310-1400 CLAS 08/26",,
1:10 P.M. - 2:00 P.M.,"ANSC 5260 01 XL 13272, MWF 1310-1400 CLAS 08/26",,
AB 106,,,
Event Times,Event,Contact,
,,,
AB 202,,,
Event Times,Event,Contact,
,,,
AB 204,,,
Event Times,Event,Contact,
,,,
AC 100,,,
Event Times,Event,Contact,
,,,
AC 219,,,
Event Times,Event,Contact,
,,,
AC 221,,,
Event Times,Event,Contact,
,,,
AC 404A,,,
Event Times,Event,Contact,
,,,
AG 1030,,,
Event Times,Event,Contact,
,,,
AG 1032,,,
Event Times,Event,Contact,
10:00 A.M. - 10:50 A.M.,"ANTH 1200 04 15699, MWF 1000-1050 CLAS 08/26",,
11:00 A.M. - 11:50 A.M.,"ANTH 1200 05 15880, MWF 1100-1150 CLAS 08/26",,
12:00 P.M. - 12:50 P.M.,"PLNT 1000 01 15042, MWF 1200-1250 CLAS 08/26",,
1:10 P.M. - 2:00 P.M.,"ESE 3005 01 MMP XL 14309, MWF 1310-1400 CLAS 08/26",,
1:10 P.M. - 2:00 P.M.,"ESE 3005 01 MMP XL 14309, MWF 1310-1400 CLAS 08/26",,
1:10 P.M. - 2:00 P.M.,"ME 3005 01 MMP XL 12743, MWF 1310-1400 CLAS 08/26",,
1:10 P.M. - 2:00 P.M.,"ME 3005 01 MMP XL 12743, MWF 1310-1400 CLAS 08/26",,
2:10 P.M. - 3:00 P.M.,"ME 4340 01 18031, MWF 1410-1500 CLAS 08/26","Wheat, Lynn",
4:10 P.M. - 5:00 P.M.,"ANSC 4120 01 10958, MWF 1610-1700 CLAS 08/26",,
AG 137,,,
Event Times,Event,Contact,
,,,
AG 142,,,
Event Times,Event,Contact,
,,,
AG 2018,,,
Event Times,Event,Contact,
12:00 P.M. - 12:50 P.M.,"ENGL 1010 33 XL 13833, MWF 1200-1250 CLAS 08/26",,
12:00 P.M. - 12:50 P.M.,"ENGL 1010 33A XL 15663, MWF 1200-1250 CLAS 08/26",,
AG 2024,,,
Event Times,Event,Contact,
,,,
AG 22,,,
Event Times,Event,Contact,
,,,
AG 223,,,
Event Times,Event,Contact,
10:00 A.M. - 10:50 A.M.,"AGEC 4640 01 13664, MWF 1000-1050 CLAS 08/26",,
11:00 A.M. - 12:15 P.M.,"AGEC 5310 01 11663, MW 1100-1215 CLAS 08/26",,
1:10 P.M. - 2:25 P.M.,"AGEC 5320 01 11642, MW 1310-1425 CLAS 08/26",,
4:00 P.M. - 5:15 P.M.,"AGEC 1499 01 17890, MW 1600-1715 CLAS 08/26","Garcia, Veronica",
AG 229,,,
Event Times,Event,Contact,
8:00 A.M. - 8:50 A.M.,"RMAL 2040 01 18256, MWF 0800-0850 CLAS 08/26","Garcia, Veronica",
1:10 P.M. - 2:00 P.M.,"COSC 5010 08 XL 17358, MWF 1310-1400 CLAS 08/26",,
1:10 P.M. - 2:00 P.M.,"EE 5885 01 XL 13198, MWF 1310-1400 CLAS 08/26","Garcia, Veronica",
AG 237,,,
Event Times,Event,Contact,
8:00 A.M. - 8:50 A.M.,"FCSC 2131 01 10996, MWF 0800-0850 CLAS 08/26",,
AG 240,,,
Event Times,Event,Contact,
,,,
AG 3026,,,
Event Times,Event,Contact,
9:00 A.M. - 9:50 A.M.,"FCSC 3152 01 10952, MW 0900-0950 CLAS 08/26",,
11:00 A.M. - 12:50 P.M.,"FCSC 4210 01 XL 12722, MW 1100-1250 CLAS 08/26",,
11:00 A.M. - 12:50 P.M.,"FCSC 5210 01 XL 14202, MW 1100-1250 CLAS 08/26",,
2:10 P.M. - 5:00 P.M.,"FCSC 3147 01 16879, M 1410-1700 CLAS 08/26",,
AG 3027,,,
Event Times,Event,Contact,
2:10 P.M. - 3:00 P.M.,"FCSC 1180 01 10950, MW 1410-1500 CLAS 08/26",,
AG 3028,,,
Event Times,Event,Contact,
9:00 A.M. - 9:50 A.M.,"FCSC 3171 01 15267, MWF 0900-0950 CLAS 08/26",,
11:00 A.M. - 11:50 A.M.,"FCSC 3185 01 17865, MWF 1100-1150 CLAS 08/26",,
AG 3030,,,
Event Times,Event,Contact,
10:00 A.M. - 12:50 P.M.,"FCSC 1170 01 12461, MW 1000-1250 CLAS 08/26",,
2:10 P.M. - 4:00 P.M.,"FCSC 3175 01 17862, MW 1410-1600 CLAS 08/26",,
AG 328,,,
Event Times,Event,Contact,
10:00 A.M. - 12:00 P.M.,"GIST 5050 01 18087, MW 1000-1200 CLAS 08/26","LYNX, CNET",
12:10 P.M. - 1:00 P.M.,"GIST 1001 80 16931, M 1210-1300 CLAS 08/26",,
2:10 P.M. - 3:00 P.M.,"STEP 1102 10 16950, MW 1410-1500 CLAS 08/26",,
AG 4004,,,
Event Times,Event,Contact,
,,,
AG 4021,,,
Event Times,Event,Contact,
2:10 P.M. - 5:00 P.M.,"ECOL 5540 10 XL 13045, MW 1410-1700 CLAS 08/26",,
2:10 P.M. - 5:00 P.M.,"MICR 4540 10 XL 13051, MW 1410-1700 CLAS 08/26",,
2:10 P.M. - 5:00 P.M.,"MOLB 4540 10 XL 15129, MW 1410-1700 CLAS 08/26",,
2:10 P.M. - 5:00 P.M.,"MOLB 5540 10 XL 13050, MW 1410-1700 CLAS 08/26",,
2:10 P.M. - 5:00 P.M.,"SOIL 4540 10 XL 13346, MW 1410-1700 CLAS 08/26",,
2:10 P.M. - 5:00 P.M.,"SOIL 5540 10 XL 13347, MW 1410-1700 CLAS 08/26","Garcia, Veronica",
AG 4022,,,
Event Times,Event,Contact,
,,,
AG 4040,,,
Event Times,Event,Contact,
8:00 A.M. - 8:50 A.M.,"PLNT 4790 02 XL 18137, MWF 0800-0850 CLAS 08/26",,
8:00 A.M. - 8:50 A.M.,"PLNT 5790 01 XL 18138, MWF 0800-0850 CLAS 08/26",,
AG 4041,,,
Event Times,Event,Contact,
9:00 A.M. - 9:50 A.M.,"PLNT 4700 01 XL 12448, MWF 0900-0950 CLAS 08/26",,
9:00 A.M. - 9:50 A.M.,"PLNT 5700 02 XL 12449, MWF 0900-0950 CLAS 08/26",,
10:00 A.M. - 10:50 A.M.,"MATH 2200 05 10442, MTWF 1000-1050 CLAS 08/26",,
11:00 A.M. - 11:50 A.M.,"MATH 2200 06 10443, MTWF 1100-1150 CLAS 08/26",,
12:00 P.M. - 12:50 P.M.,"MATH 2250 03 10453, MWF 1200-1250 CLAS 08/26",,
1:10 P.M. - 2:00 P.M.,"ECOL 5540 01 XL 13044, MW 1310-1400 CLAS 08/26",,
1:10 P.M. - 2:00 P.M.,"MICR 4540 01 XL 13048, MW 1310-1400 CLAS 08/26",,
1:10 P.M. - 2:00 P.M.,"MOLB 4540 01 XL 13046, MW 1310-1400 CLAS 08/26",,
1:10 P.M. - 2:00 P.M.,"MOLB 5540 01 XL 13047, MW 1310-1400 CLAS 08/26",,
1:10 P.M. - 2:00 P.M.,"SOIL 4540 01 XL 13344, MW 1310-1400 CLAS 08/26",,
1:10 P.M. - 2:00 P.M.,"SOIL 5540 01 XL 13345, MW 1310-1400 CLAS 08/26","Garcia, Veronica",
2:10 P.M. - 3:00 P.M.,"MATH 2310 03 10457, MWF 1410-1500 CLAS 08/26",,
AG 41,,,
Event Times,Event,Contact,
,,,
AG 5025,,,
Event Times,Event,Contact,
11:00 A.M. - 11:50 A.M.,"PATB 4500 01 XL 13363, MWF 1100-1150 CLAS 08/26",,
11:00 A.M. - 11:50 A.M.,"PATB 5500 01 XL 13365, MWF 1100-1150 CLAS 08/26",,
1:10 P.M. - 4:00 P.M.,"PATB 4500 10 XL 13364, M 1310-1600 CLAS 08/26",,
1:10 P.M. - 4:00 P.M.,"PATB 5500 10 XL 13366, M 1310-1600 CLAS 08/26",,
AG 5027,,,
Event Times,Event,Contact,
,,,
AG 5030,,,
Event Times,Event,Contact,
,,,
AG AUD,,,
Event Times,Event,Contact,
10:00 A.M. - 10:50 A.M.,"POLS 1000 01 11889, MWF 1000-1050 CLAS 08/26",,
12:00 P.M. - 12:50 P.M.,"ARE 3030 01 XL 11204, MWF 1200-1250 CLAS 08/26","Wheat, Lynn",
12:00 P.M. - 12:50 P.M.,"ART 3030 01 XL 13021, MWF 1200-1250 CLAS 08/26",,
AN 140,,,
Event Times,Event,Contact,
10:00 A.M. - 10:50 A.M.,"ANTH 4022 01 18609, MWF 1000-1050 CLAS 08/26",,
11:00 A.M. - 12:50 P.M.,"ANTH 1100 10 10052, M 1100-1250 CLAS 08/26",,
AN 150,,,
Event Times,Event,Contact,
10:00 A.M. - 10:50 A.M.,"ANTH 4310 01 XL 17810, MWF 1000-1050 CLAS 08/26",,
10:00 A.M. - 10:50 A.M.,"ANTH 5310 01 XL 17811, MWF 1000-1050 CLAS 08/26",,
10:00 A.M. - 10:50 A.M.,"ENR 4310 01 XL 18324, MWF 1000-1050 CLAS 08/26",,
10:00 A.M. - 10:50 A.M.,"ENR 5310 01 XL 18325, MWF 1000-1050 CLAS 08/26",,
11:00 A.M. - 11:50 A.M.,"ANTH 2000 01 16253, MWF 1100-1150 CLAS 08/26",,
2:10 P.M. - 3:00 P.M.,"ANTH 4024 01 XL 16842, MWF 1410-1500 CLAS 08/26","Wheat, Lynn",
2:10 P.M. - 3:00 P.M.,"ANTH 5005 01 XL 16857, MWF 1410-1500 CLAS 08/26",,
AN 220,,,
Event Times,Event,Contact,
1:10 P.M. - 3:00 P.M.,"MOLB 4050 01 10351, M 1310-1500 CLAS 08/26",,
AN 335,,,
Event Times,Event,Contact,
,,,
AS 118,,,
Event Times,Event,Contact,
,,,
AS 203,,,
Event Times,Event,Contact,
,,,
AS 209,,,
Event Times,Event,Contact,
9:00 A.M. - 9:50 A.M.,"STEP 1000 15 XL 16799, MWF 0900-0950 CLAS 08/26",,
9:00 A.M. - 9:50 A.M.,"STEP 1000 15A XL 16820, MWF 0900-0950 CLAS 08/26",,
11:30 A.M. - 12:20 P.M.,"INST 4975 02 18826, MWF 1130-1220 CLAS 08/26","Garcia, Veronica",
AS 210,,,
Event Times,Event,Contact,
,,,
AS 226,,,
Event Times,Event,Contact,
8:30 A.M. - 9:40 A.M.,"IEP 0804 70 13179, MTWR 0830-0940 CLAS 08/26",,
10:00 A.M. - 11:50 A.M.,"IEP 0904 70 13180, MTWR 1000-1150 CLAS 08/26",,
12:30 P.M. - 1:40 P.M.,"IEP 0704 70 13178, MTWR 1230-1340 CLAS 08/26",,
3:10 P.M. - 6:00 P.M.,"INST 5400 01 16604, M 1510-1800 CLAS 08/26",,
7:30 P.M. - 9:30 P.M.,Criminal Justice movie,"Walford, Regan",
AS 228,,,
Event Times,Event,Contact,
,,,
AS 314,,,
Event Times,Event,Contact,
1:10 P.M. - 2:00 P.M.,"IEP 0801 70 12828, MTWR 1310-1400 CLAS 08/26",,
AS 401,,,
Event Times,Event,Contact,
1:10 P.M. - 2:00 P.M.,"POLS 4435 01 XL 18181, MWF 1310-1400 CLAS 08/26","Garcia, Veronica",
1:10 P.M. - 2:00 P.M.,"POLS 5435 01 XL 18182, MWF 1310-1400 CLAS 08/26",,
AV 212,,,
Event Times,Event,Contact,
,,,
BC 138,,,
Event Times,Event,Contact,
9:00 A.M. - 9:50 A.M.,"MATH 2205 02 10446, MWF 0900-0950 CLAS 08/26","Garcia, Veronica",
10:00 A.M. - 10:50 A.M.,"PSYC 2340 01 12279, MWF 1000-1050 CLAS 08/26",,
11:00 A.M. - 1:00 P.M.,"ZOO 5890 01 10801, M 1100-1300 CLAS 08/26","LYNX, CNET",
1:10 P.M. - 2:00 P.M.,"ZOO 4370 01 XL 10786, MW 1310-1400 CLAS 08/26",,
1:10 P.M. - 2:00 P.M.,"ZOO 5370 01 XL 10794, MW 1310-1400 CLAS 08/26",,
BC 217,,,
Event Times,Event,Contact,
2:10 P.M. - 5:00 P.M.,"ZOO 4370 10 XL 10787, M 1410-1700 CLAS 08/26",,
2:10 P.M. - 5:00 P.M.,"ZOO 5370 10 XL 10795, M 1410-1700 CLAS 08/26",,
BC 227,,,
Event Times,Event,Contact,
10:00 A.M. - 11:30 A.M.,Chalfoun Lab Meeting,"Schoenborn, Erik R.",
3:00 P.M. - 5:00 P.M.,CompGroup study session,"Biodiversity Institute, Berry Center",
BC 327,,,
Event Times,Event,Contact,
,,,
BS 221,,,
Event Times,Event,Contact,
1:10 P.M. - 5:00 P.M.,"ZOO 4540 11 18584, M 1310-1700 CLAS 08/26",,
BS 302,,,
Event Times,Event,Contact,
9:35 A.M. - 11:25 A.M.,"PSYC 2000 02 MMP 13990, MW 0935-1125 CLAS 08/26",,
BS 309,,,
Event Times,Event,Contact,
11:00 A.M. - 11:50 A.M.,"ZOO 4540 02 18583, MWF 1100-1150 CLAS 08/26",,
2:10 P.M. - 6:00 P.M.,"ZOO 4300 10 MMP XL 11432, M 1410-1800 CLAS 08/26",,
2:10 P.M. - 6:00 P.M.,"ZOO 4300 10 MMP XL 11432, M 1410-1800 CLAS 08/26",,
2:10 P.M. - 6:00 P.M.,"ZOO 4300 10 MMP XL 11432, M 1410-1800 CLAS 08/26",,
2:10 P.M. - 6:00 P.M.,"ZOO 5300 10 MMP XL 11433, M 1410-1800 CLAS 08/26",,
2:10 P.M. - 6:00 P.M.,"ZOO 5300 10 MMP XL 11433, M 1410-1800 CLAS 08/26",,
2:10 P.M. - 6:00 P.M.,"ZOO 5300 10 MMP XL 11433, M 1410-1800 CLAS 08/26",,
BS 310,,,
Event Times,Event,Contact,
11:00 A.M. - 11:50 A.M.,"PSYC 5340 01 10009, M 1100-1150 CLAS 08/26",,
1:10 P.M. - 4:00 P.M.,"PSYC 5780 01 15381, M 1310-1600 CLAS 08/26",,
BU 10,,,
Event Times,Event,Contact,
8:00 A.M. - 8:50 A.M.,"STAT 4115 01 XL 17824, MWF 0800-0850 CLAS 08/26","LYNX, CNET",
8:00 A.M. - 8:50 A.M.,"STAT 5115 01 XL 17825, MWF 0800-0850 CLAS 08/26",,
10:00 A.M. - 10:50 A.M.,"STEP 1000 08 XL 16792, MWF 1000-1050 CLAS 08/26",,
10:00 A.M. - 10:50 A.M.,"STEP 1000 08A XL 16813, MWF 1000-1050 CLAS 08/26",,
11:00 A.M. - 11:50 A.M.,"MATH 2350 23 10462, MW 1100-1150 CLAS 08/26",,
2:10 P.M. - 3:00 P.M.,"STEP 1102 08 14422, MW 1410-1500 CLAS 08/26",,
4:00 P.M. - 6:00 P.M.,SI ZOO 3115 - Williams,"Willford, Jessica",766-4322
BU 108,,,
Event Times,Event,Contact,
9:00 A.M. - 9:50 A.M.,"SPAN 2030 01 10493, MTWR 0900-0950 CLAS 08/26",,
10:00 A.M. - 10:50 A.M.,"SPAN 1010 04 10426, MTWR 1000-1050 CLAS 08/26",,
11:00 A.M. - 12:50 P.M.,"REWM 4330 01 13222, MW 1100-1250 CLAS 08/26",,
1:10 P.M. - 2:00 P.M.,"ENGL 1010 31 XL 13831, MWF 1310-1400 CLAS 08/26","Garcia, Veronica",
1:10 P.M. - 2:00 P.M.,"ENGL 1010 31A XL 15661, MWF 1310-1400 CLAS 08/26",,
3:10 P.M. - 4:00 P.M.,"STEP 1102 14 18217, MW 1510-1600 CLAS 08/26",,
6:10 P.M. - 8:00 P.M.,"COSC 1010 16 17323, M 1810-2000 CLAS 08/26",,
BU 109,,,
Event Times,Event,Contact,
11:00 A.M. - 12:15 P.M.,"FIN 4340 01 11908, MW 1100-1215 CLAS 08/26",,
1:20 P.M. - 2:35 P.M.,"FIN 4340 02 11909, MW 1320-1435 CLAS 08/26",,
BU 110,,,
Event Times,Event,Contact,
9:00 A.M. - 9:50 A.M.,"STAT 5660 01 13687, MWF 0900-0950 CLAS 08/26","Garcia, Veronica",
10:00 A.M. - 10:50 A.M.,"MATH 2355 21 MMP 10467, M 1000-1050 CLAS 08/26",,
11:00 A.M. - 12:15 P.M.,"MKT 4440 01 17815, MW 1100-1215 CLAS 08/26",,
1:10 P.M. - 2:00 P.M.,"MATH 3205 01 12183, MWF 1310-1400 CLAS 08/26","Garcia, Veronica",
2:10 P.M. - 3:00 P.M.,"MATH 2355 23 MMP 13700, M 1410-1500 CLAS 08/26",,
3:40 P.M. - 4:55 P.M.,"MKT 4240 01 16135, MW 1540-1655 CLAS 08/26",,
5:00 P.M. - 9:00 P.M.,Phi Sigma Rho,"Good, Kate",
BU 111,,,
Event Times,Event,Contact,
9:00 A.M. - 9:50 A.M.,"AGEC 1010 01 XL 10024, MWF 0900-0950 CLAS 08/26",,
9:00 A.M. - 9:50 A.M.,"ECON 1010 01 XL 10964, MWF 0900-0950 CLAS 08/26",,
10:00 A.M. - 10:50 A.M.,"ECON 1400 01 15138, MWF 1000-1050 NONE 08/26",,
11:00 A.M. - 12:15 P.M.,"ENTR 2400 01 18382, MW 1100-1215 CLAS 08/26",,
1:10 P.M. - 2:10 P.M.,"EAP 1010 01 18571, M 1310-1410 CLAS 08/26",,
3:10 P.M. - 4:00 P.M.,"STEP 1102 15 18282, MW 1510-1600 CLAS 08/26",,
6:30 P.M. - 7:30 P.M.,Japanese Conversation Club,"Tucker, Angelique",
BU 121,,,
Event Times,Event,Contact,
8:00 A.M. - 8:50 A.M.,"CRMJ 2210 01 10520, MWF 0800-0850 CLAS 08/26",,
9:00 A.M. - 9:50 A.M.,"SOIL 4120 01 XL 10231, MWF 0900-0950 CLAS 08/26",,
9:00 A.M. - 9:50 A.M.,"SOIL 5120 01 XL 10340, MWF 0900-0950 CLAS 08/26",,
10:00 A.M. - 10:50 A.M.,"ACCT 2020 01 15188, MWF 1000-1050 CLAS 08/26",,
11:00 A.M. - 12:15 P.M.,"MGT 2030 01 16564, MW 1100-1215 CLAS 08/26",,
1:10 P.M. - 2:00 P.M.,"INST 1250 01 XL 12747, MWF 1310-1400 CLAS 08/26",,
1:10 P.M. - 2:00 P.M.,"POLS 1250 01 XL 12719, MWF 1310-1400 CLAS 08/26",,
2:10 P.M. - 3:00 P.M.,"ME 3010 01 10486, MWF 1410-1500 CLAS 08/26",,
3:10 P.M. - 4:25 P.M.,"MGT 4470 02 17317, MW 1510-1625 CLAS 08/26",,
BU 123,,,
Event Times,Event,Contact,
2:30 P.M. - 4:30 P.M.,First Year Experience,"Brome, Cheryl",
BU 127,,,
Event Times,Event,Contact,
9:00 A.M. - 9:50 A.M.,"CRMJ 4280 01 XL 13629, MWF 0900-0950 CLAS 08/26","Garcia, Veronica",
9:00 A.M. - 9:50 A.M.,"CRMJ 5280 01 XL 13630, MWF 0900-0950 CLAS 08/26",,
9:00 A.M. - 9:50 A.M.,"INST 4280 01 XL 16980, MWF 0900-0950 CLAS 08/26",,
9:00 A.M. - 9:50 A.M.,"POLS 4280 01 XL 16979, MWF 0900-0950 CLAS 08/26",,
10:00 A.M. - 10:50 A.M.,"DSCI 2100 01 16558, MWF 1000-1050 CLAS 08/26",,
11:00 A.M. - 11:50 A.M.,"DSCI 2100 02 17763, MWF 1100-1150 CLAS 08/26",,
1:10 P.M. - 3:00 P.M.,"ENR 1010 01 18326, MW 1310-1500 CLAS 08/26","Garcia, Veronica",
3:10 P.M. - 4:25 P.M.,"MGT 2030 02 18486, MW 1510-1625 CLAS 08/26",,
BU 129,,,
Event Times,Event,Contact,
10:00 A.M. - 10:50 A.M.,"ECON 3020 1 11907, MWF 1000-1050 NONE 08/26",,
11:00 A.M. - 12:15 P.M.,"ACCT 3100 01 11518, MW 1100-1215 CLAS 08/26",,
2:10 P.M. - 3:00 P.M.,"MGT 2100 02 17766, MWF 1410-1500 CLAS 08/26",,
3:10 P.M. - 4:25 P.M.,"ENTR 2400 02 18383, MW 1510-1625 CLAS 08/26",,
6:00 P.M. - 8:00 P.M.,Sigma Alpha recruitment week,"Carr, Sydni",
BU 208,,,
Event Times,Event,Contact,
9:00 A.M. - 9:50 A.M.,"ECON 4240 01 13648, MWF 0900-0950 CLAS 08/26",,
10:00 A.M. - 10:50 A.M.,"FIN 2100 01 16677, MWF 1000-1050 CLAS 08/26",,
11:00 A.M. - 11:50 A.M.,"AGEC 1020 01 XL 10028, MWF 1100-1150 CLAS 08/26",,
11:00 A.M. - 11:50 A.M.,"ECON 1020 01 XL 10810, MWF 1100-1150 CLAS 08/26",,
12:00 P.M. - 12:50 P.M.,"COSC 3340 01 XL 11971, MWF 1200-1250 CLAS 08/26",,
12:00 P.M. - 12:50 P.M.,"MATH 3340 01 XL 11879, MWF 1200-1250 CLAS 08/26",,
3:10 P.M. - 4:00 P.M.,"ARMY 4025 01 10078, M 1510-1600 CLAS 08/26",,
4:10 P.M. - 5:00 P.M.,"ARMY 4015 01 10077, M 1610-1700 CLAS 08/26",,
5:10 P.M. - 7:00 P.M.,"ARMY 4010 01 11390, M 1710-1900 CLAS 08/26","Garcia, Veronica",
BU 209,,,
Event Times,Event,Contact,
9:00 A.M. - 9:50 A.M.,"MATH 4255 01 XL 11522, MWF 0900-0950 CLAS 08/26","Garcia, Veronica",
9:00 A.M. - 9:50 A.M.,"MATH 5255 01 XL 11937, MWF 0900-0950 CLAS 08/26",,
9:00 A.M. - 9:50 A.M.,"STAT 4255 01 XL 11521, MWF 0900-0950 CLAS 08/26",,
9:00 A.M. - 9:50 A.M.,"STAT 5255 01 XL 11520, MWF 0900-0950 CLAS 08/26",,
10:00 A.M. - 10:50 A.M.,"STAT 5210 01 13685, MWF 1000-1050 CLAS 08/26","Garcia, Veronica",
11:00 A.M. - 12:15 P.M.,"ENTR 5601 01 17834, MW 1100-1215 CLAS 08/26",,
1:10 P.M. - 2:00 P.M.,"ECON 5020 01 10815, MWF 1310-1400 CLAS 08/26",,
2:10 P.M. - 3:00 P.M.,"ECON 5330 01 10814, MWF 1410-1500 CLAS 08/26",,
3:10 P.M. - 4:00 P.M.,"STEP 1102 07 14424, MW 1510-1600 CLAS 08/26",,
6:00 P.M. - 7:00 P.M.,SHRM-Weekly,"True, Taylor",766.4075
BU 21,,,
Event Times,Event,Contact,
10:00 A.M. - 10:50 A.M.,"FIN 3000 01 16771, MWF 1000-1050 CLAS 08/26",,
1:10 P.M. - 2:00 P.M.,"FIN 3310 01 12030, MWF 1310-1400 CLAS 08/26",,
2:10 P.M. - 3:00 P.M.,"ACCT 2010 01 15182, MWF 1410-1500 CLAS 08/26",,
6:00 P.M. - 9:00 P.M.,Anime Club,"Sutherburg, Kevin",
BU 210,,,
Event Times,Event,Contact,
9:00 A.M. - 9:50 A.M.,"MOLB 4600 01 XL 13621, MWF 0900-0950 CLAS 08/26",,
9:00 A.M. - 9:50 A.M.,"MOLB 5600 01 XL 13624, MWF 0900-0950 CLAS 08/26",,
10:00 A.M. - 10:50 A.M.,"ACCT 3240 01 16665, MWF 1000-1050 CLAS 08/26",,
12:00 P.M. - 12:50 P.M.,"STAT 4350 01 XL 18449, MWF 1200-1250 CLAS 08/26",,
12:00 P.M. - 12:50 P.M.,"STAT 5350 01 XL 18450, MWF 1200-1250 CLAS 08/26",,
1:10 P.M. - 3:00 P.M.,"ENR 1010 01 18326, MW 1310-1500 CLAS 08/26","Garcia, Veronica",
3:10 P.M. - 4:25 P.M.,"FIN 2100 02 17298, MW 1510-1625 CLAS 08/26",,
5:10 P.M. - 6:25 P.M.,"EAP 4010 01 XL 18341, MW 1710-1825 CLAS 08/26",,
5:10 P.M. - 6:25 P.M.,"EAP 5010 01 XL 18342, MW 1710-1825 CLAS 08/26",,
BU 211,,,
Event Times,Event,Contact,
9:00 A.M. - 9:50 A.M.,"FIN 2100 03 17303, MWF 0900-0950 CLAS 08/26",,
11:00 A.M. - 11:50 A.M.,"ECON 5350 01 11678, MWF 1100-1150 CLAS 08/26",,
3:00 P.M. - 4:30 P.M.,Economics guest speaker,"Faycosh, Kourtney",
BU 221,,,
Event Times,Event,Contact,
,,,
BU 23,,,
Event Times,Event,Contact,
,,,
BU 24,,,
Event Times,Event,Contact,
9:00 A.M. - 9:50 A.M.,"STEP 1000 09A XL 16814, MWF 0900-0950 CLAS 08/26",,
11:00 A.M. - 11:50 A.M.,"HIST 1320 01 13670, MWF 1100-1150 CLAS 08/26",,
12:00 P.M. - 12:50 P.M.,"ENGL 1010 36 XL 14017, MWF 1200-1250 CLAS 08/26","LYNX, CNET",
12:00 P.M. - 12:50 P.M.,"ENGL 1010 36A XL 15667, MWF 1200-1250 CLAS 08/26",,
5:30 P.M. - 8:00 P.M.,Residence Life Meeting,"Thomas, Cole",
BU 259,,,
Event Times,Event,Contact,
9:00 A.M. - 9:50 A.M.,"GERM 1010 01 11040, MTWR 0900-0950 CLAS 08/26","Garcia, Veronica",
9:00 A.M. - 9:50 A.M.,"GERM 1020 01 18248, MTWR 0900-0950 CLAS 08/26","Garcia, Veronica",
10:00 A.M. - 10:50 A.M.,"GERM 1020 02 18249, MTWR 1000-1050 CLAS 08/26","Garcia, Veronica",
12:30 P.M. - 3:00 P.M.,"COJO 5210 01 13052, M 1230-1500 CLAS 08/26","Garcia, Veronica",
BU 26,,,
Event Times,Event,Contact,
,,,
BU 8,,,
Event Times,Event,Contact,
8:00 A.M. - 8:50 A.M.,"MATH 2350 20 10459, MW 0800-0850 CLAS 08/26",,
9:00 A.M. - 9:50 A.M.,"MATH 2350 21 10460, MW 0900-0950 CLAS 08/26",,
11:00 A.M. - 11:50 A.M.,"MATH 2355 22 MMP 10468, M 1100-1150 CLAS 08/26",,
5:00 P.M. - 7:00 P.M.,Competitive Speech Team,"Ward, William",
BU 9,,,
Event Times,Event,Contact,
9:00 A.M. - 9:50 A.M.,"STEP 1000 06 XL 16789, MWF 0900-0950 CLAS 08/26",,
9:00 A.M. - 9:50 A.M.,"STEP 1000 06A XL 16811, MWF 0900-0950 CLAS 08/26",,
10:00 A.M. - 10:50 A.M.,"STEP 1000 13 XL 16797, MWF 1000-1050 CLAS 08/26",,
10:00 A.M. - 10:50 A.M.,"STEP 1000 13A XL 16818, MWF 1000-1050 CLAS 08/26",,
11:00 A.M. - 11:50 A.M.,"STEP 1000 04 XL 16787, MWF 1100-1150 CLAS 08/26",,
11:00 A.M. - 11:50 A.M.,"STEP 1000 04A XL 16809, MWF 1100-1150 CLAS 08/26",,
BU AUD,,,
Event Times,Event,Contact,
9:00 A.M. - 9:50 A.M.,"HIST 1251 01 11048, MW 0900-0950 CLAS 08/26",,
10:00 A.M. - 10:50 A.M.,"MGT 2010 01 16561, MWF 1000-1050 CLAS 08/26",,
11:00 A.M. - 11:50 A.M.,"ESE 3040 01 XL 14332, MWF 1100-1150 CLAS 08/26","Wheat, Lynn",
11:00 A.M. - 11:50 A.M.,"ME 3040 01 XL 10491, MWF 1100-1150 CLAS 08/26","Garcia, Veronica",
12:00 P.M. - 12:50 P.M.,"LIFE 1002 01 11460, MWF 1200-1250 CLAS 08/26",,
1:10 P.M. - 2:00 P.M.,"HIST 1211 01 10922, MW 1310-1400 CLAS 08/26","LYNX, CNET",
3:10 P.M. - 4:00 P.M.,"MKT 2100 01 MMP 16589, MWF 1510-1600 CLAS 08/26",,
CB 103,,,
Event Times,Event,Contact,
5:45 A.M. - 7:00 A.M.,"PEAC 1272 01 10236, MWF 0545-0700 CLAS 08/26",,
1:00 P.M. - 3:00 P.M.,KIN 3012,"Cook, Lori",
4:00 P.M. - 4:50 P.M.,"KIN 3040 01 10394, MW 1600-1650 CLAS 08/26",,
CB 104,,,
Event Times,Event,Contact,
6:00 P.M. - 8:50 P.M.,"KIN 5018 80 18048, M 1800-2050 CLAS 08/26",,
CB 107,,,
Event Times,Event,Contact,
,,,
CB 137,,,
Event Times,Event,Contact,
5:50 A.M. - 7:00 A.M.,"ARMY 1011 01 15301, MWR 0550-0700 CLAS 08/26",,
9:00 A.M. - 9:50 A.M.,"ARMY 1010 02 12147, MW 0900-0950 CLAS 08/26","Garcia, Veronica",
11:00 A.M. - 11:50 A.M.,"KIN 3021 01 10393, MWF 1100-1150 CLAS 08/26",,
12:00 P.M. - 12:50 P.M.,"KIN 3042 01 10395, MW 1200-1250 CLAS 08/26",,
1:10 P.M. - 2:00 P.M.,"KIN 3024 01 16743, MW 1310-1400 CLAS 08/26",,
CB 138,,,
Event Times,Event,Contact,
9:00 A.M. - 9:50 A.M.,"KIN 4020 01 12198, MW 0900-0950 CLAS 08/26",,
10:00 A.M. - 10:50 A.M.,"ARMY 2010 01 11389, MW 1000-1050 CLAS 08/26",,
11:00 A.M. - 11:50 A.M.,"ARMY 3010 01 10068, MW 1100-1150 CLAS 08/26",,
CB 202,,,
Event Times,Event,Contact,
8:00 A.M. - 8:50 A.M.,"KIN 4056 01 MMP XL 12600, MWF 0800-0850 CLAS 08/26",,
8:00 A.M. - 8:50 A.M.,"KIN 4056 02 MMP XL 13284, MWF 0800-0850 CLAS 08/26",,
8:00 A.M. - 8:50 A.M.,"KIN 5056 01 MMP XL 12601, MWF 0800-0850 CLAS 08/26",,
8:00 A.M. - 8:50 A.M.,"KIN 5056 02 MMP XL 13285, MWF 0800-0850 CLAS 08/26",,
9:00 A.M. - 9:50 A.M.,"KIN 1101 01 12646, MWF 0900-0950 CLAS 08/26",,
10:00 A.M. - 10:50 A.M.,"KIN 1101 02 12647, MWF 1000-1050 CLAS 08/26",,
11:00 A.M. - 11:50 A.M.,"KIN 3050 01 13511, MW 1100-1150 CLAS 08/26",,
6:30 P.M. - 7:50 P.M.,"HLED 4110 80 12578, MW 1830-1950 CLAS 08/26",,
CB 206,,,
Event Times,Event,Contact,
6:10 P.M. - 9:00 P.M.,"KIN 3022 01 13274, M 1810-2100 CLAS 08/26",,
CIC 129,,,
Event Times,Event,Contact,
,,,
CIC 13,,,
Event Times,Event,Contact,
,,,
CIC 24,,,
Event Times,Event,Contact,
,,,
CIC 3,,,
Event Times,Event,Contact,
8:45 A.M. - 10:15 A.M.,"IEP 0703 70 13108, MTWR 0845-1015 CLAS 08/26",,
10:30 A.M. - 12:15 P.M.,"IEP 0903 70 13112, MTWR 1030-1215 CLAS 08/26",,
1:00 P.M. - 2:15 P.M.,"IEP 0803 70 13110, MTWR 1300-1415 CLAS 08/26",,
EA 207,,,
Event Times,Event,Contact,
8:00 A.M. - 8:50 A.M.,"EDEX 2484 02 15801, MWF 0800-0850 CLAS 08/26",,
9:00 A.M. - 9:50 A.M.,"EDST 2450 01 10860, MWF 0900-0950 CLAS 08/26",,
10:00 A.M. - 10:50 A.M.,"CNSL 5210 01 12102, M 1000-1050 CLAS 08/26",,
1:10 P.M. - 3:00 P.M.,"EDEL 4309 01 MMP 10843, MW 1310-1500 CLAS 08/26",,
4:00 P.M. - 6:50 P.M.,"EMAT 5400 60 18385, M 1600-1850 CLAS 08/26",,
EA 211,,,
Event Times,Event,Contact,
9:00 A.M. - 10:50 A.M.,"EDST 3100 01 15837, MWF 0900-1050 CLAS 08/26","Garcia, Veronica",
11:00 A.M. - 11:50 A.M.,"EDEL 2100 01 16621, MWF 1100-1150 CLAS 08/26",,
1:00 P.M. - 4:00 P.M.,"CNSL 5180 01 16990, M 1300-1600 CLAS 08/26",,
EA 215,,,
Event Times,Event,Contact,
12:00 P.M. - 12:50 P.M.,"STEP 1000 02 XL 16785, MWF 1200-1250 CLAS 08/26",,
12:00 P.M. - 12:50 P.M.,"STEP 1000 02A XL 16807, MWF 1200-1250 CLAS 08/26",,
1:10 P.M. - 4:00 P.M.,"CNSL 5860 01 18309, M 1310-1600 CLAS 08/26",,
EA 225,,,
Event Times,Event,Contact,
9:00 A.M. - 9:50 A.M.,"STEP 1000 05 XL 16788, MWF 0900-0950 CLAS 08/26",,
9:00 A.M. - 9:50 A.M.,"STEP 1000 05A XL 16810, MWF 0900-0950 CLAS 08/26",,
11:00 A.M. - 11:50 A.M.,"EDST 2450 02 10861, MWF 1100-1150 CLAS 08/26",,
12:00 P.M. - 12:50 P.M.,"STEP 1000 01 XL 16784, MWF 1200-1250 CLAS 08/26",,
12:00 P.M. - 12:50 P.M.,"STEP 1000 01A XL 16806, MWF 1200-1250 CLAS 08/26",,
1:10 P.M. - 2:00 P.M.,"STEP 1000 14 XL 16798, MWF 1310-1400 CLAS 08/26",,
1:10 P.M. - 2:00 P.M.,"STEP 1000 14A XL 16819, MWF 1310-1400 CLAS 08/26",,
2:10 P.M. - 3:00 P.M.,"EDST 3480 01 15845, MWF 1410-1500 CLAS 08/26",,
3:10 P.M. - 4:00 P.M.,"EDEL 3720 2 18388, MW 1510-1600 CLAS 08/26",,
EA 229,,,
Event Times,Event,Contact,
10:00 A.M. - 11:50 A.M.,"EDEL 4410 02 MMP 18391, MW 1000-1150 CLAS 08/26",,
1:00 P.M. - 1:50 P.M.,"SPAN 1010 06 10466, MTWR 1300-1350 CLAS 08/26",,
2:10 P.M. - 3:00 P.M.,"ENGL 1010 14 11883, MWF 1410-1500 CLAS 08/26","Garcia, Veronica",
EA 304,,,
Event Times,Event,Contact,
9:00 A.M. - 9:50 A.M.,"STEP 1000 09 XL 16793, MWF 0900-0950 CLAS 08/26","Garcia, Veronica",
9:00 A.M. - 9:50 A.M.,"STEP 1000 09A XL 16814, MWF 0900-0950 CLAS 08/26",,
10:00 A.M. - 10:50 A.M.,"STEP 1000 07 XL 16791, MWF 1000-1050 CLAS 08/26",,
10:00 A.M. - 10:50 A.M.,"STEP 1000 07A XL 16812, MWF 1000-1050 CLAS 08/26",,
11:00 A.M. - 11:50 A.M.,"ENGL 1010 34 13834, MWF 1100-1150 CLAS 08/26",,
11:00 A.M. - 11:50 A.M.,"ENGL 1010 34A 15664, MWF 1100-1150 CLAS 08/26","Wheat, Lynn",
1:10 P.M. - 2:00 P.M.,"EDEL 1200 01 15825, MWF 1310-1400 CLAS 08/26",,
EA 308,,,
Event Times,Event,Contact,
10:00 A.M. - 10:50 A.M.,"EDEL 2280 01 10836, MWF 1000-1050 CLAS 08/26",,
11:00 A.M. - 11:50 A.M.,"EDEL 3724 01 15832, MWF 1100-1150 CLAS 08/26",,
EA 314,,,
Event Times,Event,Contact,
10:00 A.M. - 10:50 A.M.,"EDEC 4209 01 17439, MWF 1000-1050 NONE 08/26",,
11:00 A.M. - 11:50 A.M.,"EDEC 1020 01 12283, MWF 1100-1150 CLAS 08/26",,
12:00 P.M. - 12:50 P.M.,"SPAN 1010 02 17162, MTWR 1200-1250 CLAS 08/26","Garcia, Veronica",
1:00 P.M. - 1:50 P.M.,"EDST 2250 01 18402, MWF 1300-1350 CLAS 08/26",,
2:10 P.M. - 3:00 P.M.,"EDEC 2000 01 14147, MWF 1410-1500 CLAS 08/26",,
EA 318,,,
Event Times,Event,Contact,
8:00 A.M. - 9:50 A.M.,"EDEL 4109 02 MMP 18389, MW 0800-0950 CLAS 08/26",,
10:00 A.M. - 11:50 A.M.,"EDEL 4410 01 MMP 16626, MW 1000-1150 CLAS 08/26",,
1:10 P.M. - 3:00 P.M.,"EDEL 4309 02 MMP 18390, MW 1310-1500 CLAS 08/26",,
ED 06,,,
Event Times,Event,Contact,
10:00 A.M. - 10:50 A.M.,"EDSE 4278 01 11197, MWF 1000-1050 CLAS 08/26",,
1:20 P.M. - 2:35 P.M.,"EDSE 3278 01 10857, MWF 1320-1435 CLAS 08/26",,
ED 45,,,
Event Times,Event,Contact,
11:00 A.M. - 12:00 P.M.,Student Info Meeting (Tedmon-Jones) (KM),"Montez, Kimberly",
ED 47,,,
Event Times,Event,Contact,
9:00 A.M. - 11:50 A.M.,"CNSL 5640 01 10064, M 0900-1150 CLAS 08/26",,
EERB 118,,,
Event Times,Event,Contact,
,,,
EERB 233,,,
Event Times,Event,Contact,
,,,
EERB 248,,,
Event Times,Event,Contact,
,,,
EERB 251,,,
Event Times,Event,Contact,
8:00 A.M. - 8:50 A.M.,"CM 3210 01 15505, MWF 0800-0850 CLAS 08/26","Garcia, Veronica",
10:00 A.M. - 10:50 A.M.,"ME 4210 01 18029, MWF 1000-1050 CLAS 08/26",,
11:00 A.M. - 11:50 A.M.,"ES 2110 01 10987, MWF 1100-1150 CLAS 08/26",,
12:00 P.M. - 12:50 P.M.,"ESS 1000 01 15076, MWF 1200-1250 CLAS 08/26","Garcia, Veronica",
1:10 P.M. - 2:00 P.M.,"ES 2110 02 12928, MWF 1310-1400 CLAS 08/26",,
5:00 P.M. - 6:30 P.M.,AIChE Chapter Meeting Abby Gruner,"Zwieg, Minette A.",766-4992
EERB 255,,,
Event Times,Event,Contact,
,,,
EERB 350,,,
Event Times,Event,Contact,
3:30 P.M. - 5:30 P.M.,Roberta Maia Sabino,"Zwieg, Minette A.",766-4992
EIC 201,,,
Event Times,Event,Contact,
8:00 A.M. - 8:50 A.M.,"ERS 4990 02 XL 16592, MWF 0800-0850 CLAS 08/26",,
8:00 A.M. - 8:50 A.M.,"ME 4474 01 XL 18088, MWF 0800-0850 CLAS 08/26",,
9:00 A.M. - 11:00 A.M.,SER staff meeting,"Russow, Kristi",
1:25 P.M. - 2:40 P.M.,"ECON 1300 01 XL 13645, MW 1325-1440 CLAS 08/26",,
1:25 P.M. - 2:40 P.M.,"ERS 1300 01 XL 13520, MW 1325-1440 CLAS 08/26",,
3:10 P.M. - 4:00 P.M.,"ERS 3000 01 17943, MWF 1510-1600 CLAS 08/26",,
4:30 P.M. - 7:00 P.M.,"ERS 2010 01 16553, M 1630-1900 CLAS 08/26",,
EIC 209,,,
Event Times,Event,Contact,
,,,
EN 1034,,,
Event Times,Event,Contact,
,,,
EN 1039,,,
Event Times,Event,Contact,
1:00 P.M. - 2:00 P.M.,CE 4555,"Wittstock, Mark",
EN 1041,,,
Event Times,Event,Contact,
10:00 A.M. - 11:00 A.M.,ME 3060,"Wittstock, Mark",
11:00 A.M. - 12:00 P.M.,ES 1060,"Wittstock, Mark",
1:00 P.M. - 2:00 P.M.,ME/ESE-3005 (Ike),"Wittstock, Mark",
EN 1044,,,
Event Times,Event,Contact,
10:00 A.M. - 10:50 A.M.,"ENGL 1010 35 XL 13835, MWF 1000-1050 CLAS 08/26","Garcia, Veronica",
10:00 A.M. - 10:50 A.M.,"ENGL 1010 35A XL 15666, MWF 1000-1050 CLAS 08/26",,
11:00 A.M. - 12:15 P.M.,"CHE 5030 01 17394, MW 1100-1215 CLAS 08/26","LYNX, CNET",
1:10 P.M. - 2:00 P.M.,"PHYS 1220 20 10335, M 1310-1400 CLAS 08/26",,
2:10 P.M. - 3:00 P.M.,"INST 3000 01 XL 18006, MWF 1410-1500 CLAS 08/26","Garcia, Veronica",
2:10 P.M. - 3:00 P.M.,"SOC 3000 01 XL 18008, MWF 1410-1500 CLAS 08/26",,
3:10 P.M. - 4:00 P.M.,"PHYS 1220 21 10336, M 1510-1600 CLAS 08/26",,
EN 1045,,,
Event Times,Event,Contact,
8:00 A.M. - 8:50 A.M.,"ES 2310 01 13660, MWF 0800-0850 CLAS 08/26",,
9:00 A.M. - 9:50 A.M.,"ME 3020 01 10487, MWF 0900-0950 CLAS 08/26",,
10:00 A.M. - 10:50 A.M.,"ES 2310 02 10991, MWF 1000-1050 CLAS 08/26",,
11:00 A.M. - 11:50 A.M.,"EE 3311 01 MMP 15917, MWF 1100-1150 CLAS 08/26",,
12:00 P.M. - 12:50 P.M.,"CM 3140 01 15503, MWF 1200-1250 CLAS 08/26",,
4:10 P.M. - 5:00 P.M.,Applied Math Seminar,"Winter, Roman",307-766-4221
EN 1055,,,
Event Times,Event,Contact,
,,,
EN 1062,,,
Event Times,Event,Contact,
3:00 P.M. - 4:30 P.M.,Society of Women Engineers (SWE),"Dolly, Amelia",
EN 2100,,,
Event Times,Event,Contact,
8:00 A.M. - 8:50 A.M.,"EE 4440 01 13583, MWF 0800-0850 CLAS 08/26",,
9:00 A.M. - 9:50 A.M.,"EE 5885 05 15392, MWF 0900-0950 CLAS 08/26",,
10:00 A.M. - 10:50 A.M.,"ESE 3060 01 XL 14334, MWF 1000-1050 CLAS 08/26",,
10:00 A.M. - 10:50 A.M.,"ME 3060 01 XL 12954, MWF 1000-1050 CLAS 08/26",,
11:00 A.M. - 11:50 A.M.,"PETE 3025 01 15735, MWF 1100-1150 CLAS 08/26",,
1:10 P.M. - 2:00 P.M.,"MATH 5490 01 18196, MWF 1310-1400 CLAS 08/26",,
EN 2101,,,
Event Times,Event,Contact,
10:00 A.M. - 10:50 A.M.,"ENGL 1010 10 10886, MWF 1000-1050 CLAS 08/26","Garcia, Veronica",
EN 2102,,,
Event Times,Event,Contact,
,,,
EN 2104,,,
Event Times,Event,Contact,
2:10 P.M. - 3:25 P.M.,"CE 5230 01 18655, MF 1410-1525 CLAS 08/26",,
EN 2105,,,
Event Times,Event,Contact,
9:00 A.M. - 9:50 A.M.,"EE 3510 03 MMP 18430, MWF 0900-0950 CLAS 08/26",,
EN 2106,,,
Event Times,Event,Contact,
1:10 P.M. - 2:25 P.M.,"GIST 2200 01 15582, MW 1310-1425 CLAS 08/26","Garcia, Veronica",
EN 2108,,,
Event Times,Event,Contact,
9:00 A.M. - 9:50 A.M.,"ZOO 4440 01 10790, MWF 0900-0950 CLAS 08/26",,
10:00 A.M. - 10:50 A.M.,"ENR 4285 01 MMP XL 13755, MWF 1000-1050 CLAS 08/26",,
10:00 A.M. - 10:50 A.M.,"ENR 5285 01 MMP XL 13756, MWF 1000-1050 CLAS 08/26",,
10:00 A.M. - 10:50 A.M.,"REWM 4285 01 MMP XL 11963, MWF 1000-1050 CLAS 08/26","Garcia, Veronica",
10:00 A.M. - 10:50 A.M.,"REWM 5285 01 MMP XL 11964, MWF 1000-1050 CLAS 08/26",,
EN 2109,,,
Event Times,Event,Contact,
9:35 A.M. - 11:25 A.M.,"PSYC 2000 02 MMP 13990, MW 0935-1125 CLAS 08/26",,
1:10 P.M. - 5:00 P.M.,"REWM 4330 10 13224, M 1310-1700 CLAS 08/26",,
EN 2110,,,
Event Times,Event,Contact,
8:00 A.M. - 8:50 A.M.,"SPAN 1010 01 10375, MTWR 0800-0850 CLAS 08/26",,
9:00 A.M. - 9:50 A.M.,"ES 2210 01 10931, MWF 0900-0950 CLAS 08/26",,
10:00 A.M. - 10:50 A.M.,"MATH 2250 01 10451, MWF 1000-1050 CLAS 08/26",,
11:00 A.M. - 11:50 A.M.,"CHE 4070 01 MMP 13531, MWF 1100-1150 CLAS 08/26",,
EN 3044,,,
Event Times,Event,Contact,
,,,
EN 3046,,,
Event Times,Event,Contact,
8:00 A.M. - 12:00 P.M.,Ng Research Meetings,"Ng, Kam Weng",
EN 3056,,,
Event Times,Event,Contact,
11:00 A.M. - 11:50 A.M.,"ARE 1060 01 18058, MWF 1100-1150 CLAS 08/26",,
12:00 P.M. - 12:50 P.M.,"ARE 1060 02 18059, MWF 1200-1250 CLAS 08/26",,
EN 3070,,,
Event Times,Event,Contact,
8:00 A.M. - 8:50 A.M.,"ARE 4250 01 XL 10058, MWF 0800-0850 CLAS 08/26",,
8:00 A.M. - 8:50 A.M.,"CE 4250 01 XL 10155, MWF 0800-0850 CLAS 08/26",,
9:00 A.M. - 9:50 A.M.,"ESE 3020 01 14316, MWF 0900-0950 CLAS 08/26",,
10:00 A.M. - 10:50 A.M.,"ARE 4200 01 XL 10057, MWF 1000-1050 CLAS 08/26",,
10:00 A.M. - 10:50 A.M.,"CE 4200 01 XL 10154, MWF 1000-1050 CLAS 08/26",,
11:00 A.M. - 11:50 A.M.,"CE 4530 01 XL 18015, MWF 1100-1150 CLAS 08/26",,
11:00 A.M. - 11:50 A.M.,"CE 5530 01 XL 18016, MWF 1100-1150 CLAS 08/26",,
12:00 P.M. - 12:50 P.M.,"CE 4810 01 XL 15534, MWF 1200-1250 CLAS 08/26",,
12:00 P.M. - 12:50 P.M.,"CE 5810 01 XL 15535, MWF 1200-1250 CLAS 08/26",,
1:00 P.M. - 1:50 P.M.,"CHE 5890 01 10163, M 1300-1350 CLAS 08/26","Wheat, Lynn",
EN 3102,,,
Event Times,Event,Contact,
8:00 A.M. - 8:50 A.M.,"PETE 4225 01 11672, MWF 0800-0850 CLAS 08/26","Garcia, Veronica",
9:00 A.M. - 9:50 A.M.,"PETE 3110 1 18255, MWF 0900-0950 CLAS 08/26",,
10:00 A.M. - 10:50 A.M.,"RMAL 3000 01 18257, MWF 1000-1050 CLAS 08/26",,
11:00 A.M. - 11:50 A.M.,"EE 5600 01 17974, MWF 1100-1150 CLAS 08/26",,
12:00 P.M. - 12:50 P.M.,"CE 5830 01 18184, MWF 1200-1250 CLAS 08/26",,
1:10 P.M. - 2:00 P.M.,"EE 5885 04 17982, MWF 1310-1400 CLAS 08/26",,
EN 3104,,,
Event Times,Event,Contact,
9:00 A.M. - 9:50 A.M.,"MATH 3500 01 10471, MWF 0900-0950 CLAS 08/26",,
10:00 A.M. - 10:50 A.M.,"EE 2390 01 10870, MWF 1000-1050 CLAS 08/26",,
12:00 P.M. - 12:50 P.M.,"EE 4800 02 17977, MWF 1200-1250 CLAS 08/26",,
1:10 P.M. - 2:00 P.M.,"CE 4480 01 XL 17234, MWF 1310-1400 CLAS 08/26",,
1:10 P.M. - 2:00 P.M.,"CE 5480 01 XL 17235, MWF 1310-1400 CLAS 08/26",,
1:10 P.M. - 2:00 P.M.,"ENR 4890 02 XL 18155, MWF 1310-1400 CLAS 08/26",,
1:10 P.M. - 2:00 P.M.,"ENR 5890 01 XL 18157, MWF 1310-1400 CLAS 08/26",,
1:10 P.M. - 2:00 P.M.,"ERS 4480 01 XL 18205, MWF 1310-1400 CLAS 08/26",,
1:10 P.M. - 2:00 P.M.,"ERS 5990 04 XL 18357, MWF 1310-1400 CLAS 08/26",,
2:10 P.M. - 3:00 P.M.,"EE 4340 01 XL 13627, MWF 1410-1500 CLAS 08/26","Garcia, Veronica",
2:10 P.M. - 3:00 P.M.,"PHYS 4340 01 XL 12351, MWF 1410-1500 CLAS 08/26",,
EN 3105,,,
Event Times,Event,Contact,
10:00 A.M. - 10:50 A.M.,"ENGL 1010 11 11880, MWF 1000-1050 CLAS 08/26","Garcia, Veronica",
11:00 A.M. - 11:50 A.M.,"SPAN 1020 04 12883, MTWR 1100-1150 CLAS 08/26",,
12:00 P.M. - 12:50 P.M.,"SPAN 2040 01 10495, MTWR 1200-1250 CLAS 08/26","LYNX, CNET",
1:10 P.M. - 2:00 P.M.,"ENGL 1010 04 11406, MWF 1310-1400 CLAS 08/26","LYNX, CNET",
EN 3106,,,
Event Times,Event,Contact,
9:00 A.M. - 9:50 A.M.,"CHE 4090 01 10161, MWF 0900-0950 CLAS 08/26",,
10:00 A.M. - 10:50 A.M.,"SPAN 1020 03 10482, MTWR 1000-1050 CLAS 08/26","Garcia, Veronica",
1:10 P.M. - 2:00 P.M.,"CHE 3040 1 MMP 17934, M 1310-1400 F2F 08/26",,
EN 3108,,,
Event Times,Event,Contact,
,,,
EN 3109,,,
Event Times,Event,Contact,
9:00 A.M. - 11:50 A.M.,"PSYC 5470 01 16725, M 0900-1150 CLAS 08/26","Garcia, Veronica",
EN 3110,,,
Event Times,Event,Contact,
8:00 A.M. - 8:50 A.M.,"MATH 2200 01 10437, MTWF 0800-0850 CLAS 08/26",,
9:00 A.M. - 9:50 A.M.,"MATH 2200 02 10439, MTWF 0900-0950 CLAS 08/26",,
10:00 A.M. - 10:50 A.M.,"MATH 2200 04 10441, MTWF 1000-1050 CLAS 08/26",,
11:00 A.M. - 11:50 A.M.,"ES 1060 01 10986, MW 1100-1150 CLAS 08/26",,
1:10 P.M. - 2:00 P.M.,"CRMJ 4340 01 17960, MWF 1310-1400 CLAS 08/26",,
EN 3111,,,
Event Times,Event,Contact,
9:00 A.M. - 9:50 A.M.,"UWYO 9991 01 MMP 11313, MWF 0900-0950 CLAS 08/26",,
10:00 A.M. - 10:50 A.M.,"MATH 2310 01 10455, MWF 1000-1050 CLAS 08/26",,
11:00 A.M. - 11:50 A.M.,"CE 4800 01 XL 16231, MWF 1100-1150 CLAS 08/26",,
11:00 A.M. - 11:50 A.M.,"CE 5800 01 XL 16653, MWF 1100-1150 CLAS 08/26",,
1:10 P.M. - 2:00 P.M.,"MATH 2310 02 10456, MWF 1310-1400 CLAS 08/26",,
2:10 P.M. - 3:00 P.M.,"ENGL 1010 30 XL 13830, MWF 1410-1500 CLAS 08/26",,
2:10 P.M. - 3:00 P.M.,"ENGL 1010 30A XL 15654, MWF 1410-1500 CLAS 08/26",,
EN 3112,,,
Event Times,Event,Contact,
8:00 A.M. - 8:50 A.M.,"ES 2410 01 10994, MWF 0800-0850 CLAS 08/26","Garcia, Veronica",
9:00 A.M. - 9:50 A.M.,"MATH 2200 03 10440, MTWF 0900-0950 CLAS 08/26",,
10:00 A.M. - 10:50 A.M.,"ES 2410 02 10995, MWF 1000-1050 CLAS 08/26",,
11:00 A.M. - 11:50 A.M.,"CRMJ 4200 01 14248, MWF 1100-1150 CLAS 08/26",,
3:00 P.M. - 5:00 P.M.,School of Computing meeting,"Yates, Judy",766.3275
EN 3114,,,
Event Times,Event,Contact,
9:00 A.M. - 9:50 A.M.,"ARE 4285 01 MMP XL 18009, MWF 0900-0950 CLAS 08/26",,
9:00 A.M. - 9:50 A.M.,"ARE 5285 01 MMP XL 18010, MWF 0900-0950 CLAS 08/26",,
9:00 A.M. - 9:50 A.M.,"CE 4285 01 MMP XL 18011, MWF 0900-0950 CLAS 08/26",,
9:00 A.M. - 9:50 A.M.,"CE 5285 01 MMP XL 18012, MWF 0900-0950 CLAS 08/26",,
10:00 A.M. - 10:50 A.M.,"EE 4490 02 18122, MWF 1000-1050 CLAS 08/26","Garcia, Veronica",
11:00 A.M. - 11:50 A.M.,"SOC 2350 01 15672, MWF 1100-1150 CLAS 08/26",,
1:10 P.M. - 2:00 P.M.,"ES 2330 01 10992, MWF 1310-1400 CLAS 08/26",,
3:10 P.M. - 5:00 P.M.,"CHE 1005 01 15878, M 1510-1700 CLAS 08/26",,
EN 4023,,,
Event Times,Event,Contact,
,,,
EN 4045,,,
Event Times,Event,Contact,
,,,
EN 4066,,,
Event Times,Event,Contact,
,,,
EN 5038,,,
Event Times,Event,Contact,
,,,
EN 6060,,,
Event Times,Event,Contact,
9:00 A.M. - 10:15 A.M.,"ATSC 5010 01 12798, MW 0900-1015 CLAS 08/26",,
10:45 A.M. - 12:00 P.M.,"ATSC 5014 01 12799, MW 1045-1200 CLAS 08/26",,
EN 6085,,,
Event Times,Event,Contact,
9:00 A.M. - 10:15 A.M.,"ATSC 5350 01 18066, MW 0900-1015 CLAS 08/26",,
1:20 P.M. - 2:35 P.M.,"ATSC 5500 01 18531, MW 1320-1435 CLAS 08/26",,
3:10 P.M. - 4:00 P.M.,"ATSC 5018 01 12817, M 1510-1600 CLAS 08/26",,
ESB 1004,,,
Event Times,Event,Contact,
,,,
ESB 1006,,,
Event Times,Event,Contact,
12:00 P.M. - 12:50 P.M.,"GEOL 3250 01 17907, MWF 1200-1250 CLAS 08/26",,
ESB 1038,,,
Event Times,Event,Contact,
,,,
GE 202,,,
Event Times,Event,Contact,
,,,
GE 211,,,
Event Times,Event,Contact,
,,,
GE 213,,,
Event Times,Event,Contact,
,,,
GE 216,,,
Event Times,Event,Contact,
11:00 A.M. - 11:50 A.M.,"GEOL 3005 01 13025, MWF 1100-1150 CLAS 08/26",,
12:10 P.M. - 1:00 P.M.,"MOLB 5055 01 13459, M 1210-1300 CLAS 08/26","Garcia, Veronica",
1:10 P.M. - 3:00 P.M.,"GEOL 4200 03 17914, M 1310-1500 CLAS 08/26",,
3:10 P.M. - 4:00 P.M.,"GEOL 4200 01 XL 11028, M 1510-1600 F2F 08/26",,
3:10 P.M. - 4:00 P.M.,"GEOL 4210 02 XL 11029, M 1510-1600 F2F 08/26",,
3:10 P.M. - 4:00 P.M.,"GEOL 5200 01 XL 11033, M 1510-1600 F2F 08/26",,
3:10 P.M. - 4:00 P.M.,"GEOL 5210 02 XL 11034, M 1510-1600 F2F 08/26",,
GE 318,,,
Event Times,Event,Contact,
10:00 A.M. - 10:50 A.M.,"GEOL 4610 01 10915, MWF 1000-1050 CLAS 08/26",,
1:10 P.M. - 3:00 P.M.,"GEOL 5200 03 17919, M 1310-1500 CLAS 08/26",,
GH 106,,,
Event Times,Event,Contact,
10:00 A.M. - 10:50 A.M.,"HP 1020 11 15751, MWF 1000-1050 CLAS 08/26",,
11:00 A.M. - 11:50 A.M.,"HP 1020 06 14708, MWF 1100-1150 CLAS 08/26",,
2:10 P.M. - 3:00 P.M.,"HP 1020 07 14734, MWF 1410-1500 CLAS 08/26",,
3:10 P.M. - 4:00 P.M.,"HP 1020 12 17027, MWF 1510-1600 CLAS 08/26",,
6:00 P.M. - 9:00 P.M.,"HP 3151 01 17029, M 1800-2100 CLAS 08/26",,
GH 210,,,
Event Times,Event,Contact,
,,,
HA 115,,,
Event Times,Event,Contact,
12:30 P.M. - 3:30 P.M.,Wellness Training,"Biertzer, Aleah",
6:30 P.M. - 7:30 P.M.,Baseball info session,"Rademacher, Joe",
HA 117,,,
Event Times,Event,Contact,
,,,
HA 225,,,
Event Times,Event,Contact,
12:15 P.M. - 1:05 P.M.,Fitness Class - Faculty/Staff Fitness,"Bretting, Kevin",
5:30 P.M. - 6:30 P.M.,Fitness Class-Zumba,"Bretting, Kevin",
HA 227,,,
Event Times,Event,Contact,
6:30 A.M. - 7:30 A.M.,Fitness Class - Cycling,"Bretting, Kevin",
5:30 P.M. - 6:30 P.M.,Fitness Class - Cycling,"Bretting, Kevin",
6:45 P.M. - 7:45 P.M.,Fitness Class - Cycling,"Bretting, Kevin",
HA 325,,,
Event Times,Event,Contact,
5:30 P.M. - 6:30 P.M.,Fitness Class - Sculpt Yoga,"Bretting, Kevin",
HA 327,,,
Event Times,Event,Contact,
,,,
HI 155,,,
Event Times,Event,Contact,
9:00 A.M. - 9:50 A.M.,"HIST 3300 01 17839, MWF 0900-0950 CLAS 08/26",,
HI 156,,,
Event Times,Event,Contact,
3:10 P.M. - 5:40 P.M.,"HIST 5400 01 17842, M 1510-1740 CLAS 08/26",,
HO 005,,,
Event Times,Event,Contact,
9:00 A.M. - 9:50 A.M.,"HP 1020 08 15747, MWF 0900-0950 CLAS 08/26","Garcia, Veronica",
10:00 A.M. - 10:50 A.M.,"FREN 1010 02 18508, MTWR 1000-1050 CLAS 08/26","Garcia, Veronica",
11:00 A.M. - 11:50 A.M.,FREN 2030,"Somlyay, Laszlo",
12:00 P.M. - 12:50 P.M.,FREN 3005,"Somlyay, Laszlo",
5:10 P.M. - 8:00 P.M.,ENGL 5350,"Somlyay, Laszlo",
HO 008,,,
Event Times,Event,Contact,
,,,
HO 011,,,
Event Times,Event,Contact,
9:00 A.M. - 9:50 A.M.,"ENGL 1010 03 12441, MWF 0900-0950 CLAS 08/26","LYNX, CNET",
10:00 A.M. - 10:50 A.M.,"SPAN 3220 01 18148, MWF 1000-1050 CLAS 08/26","LYNX, CNET",
11:00 A.M. - 11:50 A.M.,"ENGL 1010 05 11709, MWF 1100-1150 CLAS 08/26","LYNX, CNET",
12:00 P.M. - 12:50 P.M.,"SPAN 3040 01 12312, MWF 1200-1250 CLAS 08/26","LYNX, CNET",
1:10 P.M. - 2:00 P.M.,"INST 1101 01 15112, MWF 1310-1400 CLAS 08/26",,
HO 012,,,
Event Times,Event,Contact,
10:00 A.M. - 11:15 A.M.,"GERM 3990 01 12488, MW 1000-1115 CLAS 08/26",,
10:00 A.M. - 11:15 A.M.,"GERM 4990 01 12424, MW 1000-1115 CLAS 08/26","Garcia, Veronica",
HO 021,,,
Event Times,Event,Contact,
,,,
HO 037,,,
Event Times,Event,Contact,
10:00 A.M. - 10:50 A.M.,"STEP 1000 19 XL 16803, MWF 1000-1050 CLAS 08/26","Garcia, Veronica",
10:00 A.M. - 10:50 A.M.,"STEP 1000 19A XL 16824, MWF 1000-1050 CLAS 08/26",,
12:00 P.M. - 2:00 P.M.,German Club,"Somlyay, Laszlo",
3:10 P.M. - 4:00 P.M.,"CHIN 2030 01 10054, MTWR 1510-1600 CLAS 08/26","LYNX, CNET",
4:10 P.M. - 5:00 P.M.,"CHIN 1010 01 11070, MTWR 1610-1700 CLAS 08/26","LYNX, CNET",
HO 040,,,
Event Times,Event,Contact,
,,,
HO 125,,,
Event Times,Event,Contact,
9:00 A.M. - 9:50 A.M.,"BOT 3600 01 15725, MWF 0900-0950 CLAS 08/26",,
11:00 A.M. - 11:50 A.M.,"ARBC 1010 01 11913, MTWR 1100-1150 CLAS 08/26","Garcia, Veronica",
12:00 P.M. - 12:50 P.M.,ENGL 5900-05,"Somlyay, Laszlo",
4:00 P.M. - 5:00 P.M.,Guest speaker - Amy Tigner - present,"Lemler, Gwynn",307-766-6453
HO 142,,,
Event Times,Event,Contact,
10:00 A.M. - 10:50 A.M.,"ENGL 1010 01 10884, MWF 1000-1050 CLAS 08/26","LYNX, CNET",
11:00 A.M. - 11:50 A.M.,"STEP 1000 03 XL 16786, MWF 1100-1150 CLAS 08/26",,
11:00 A.M. - 11:50 A.M.,"STEP 1000 03A XL 16808, MWF 1100-1150 CLAS 08/26",,
12:00 P.M. - 12:50 P.M.,ENGL 5900-02,"Somlyay, Laszlo",
3:10 P.M. - 6:00 P.M.,ENGL 3500,"Somlyay, Laszlo",
HS 105,,,
Event Times,Event,Contact,
9:00 A.M. - 9:50 A.M.,"PHCY 6230 01 10257, MTR 0900-0950 CLAS 08/26","Ohlschwager, Andrew",
10:00 A.M. - 11:50 A.M.,"PHCY 6357 01 12011, M 1000-1150 CLAS 08/26",,
12:00 P.M. - 12:50 P.M.,"STEP 1102 12 18215, MW 1200-1250 CLAS 08/26",,
HS 205,,,
Event Times,Event,Contact,
1:00 P.M. - 2:00 P.M.,Isaac Ruse ME/ESE-3005,"Worden, Jill",
HS 232,,,
Event Times,Event,Contact,
,,,
HS 248,,,
Event Times,Event,Contact,
1:10 P.M. - 2:35 P.M.,"SPPA 5020 01 11536, MW 1310-1435 CLAS 08/26",,
HS 364,,,
Event Times,Event,Contact,
9:00 A.M. - 11:50 A.M.,"NURS 3490 01 15529, M 0900-1150 CLAS 08/26",,
HS 427,,,
Event Times,Event,Contact,
8:00 A.M. - 8:50 A.M.,"PHCY 6110 01 17780, MWF 0800-0850 CLAS 08/26",,
9:00 A.M. - 9:50 A.M.,"SPAN 1010 03 10377, MTWR 0900-0950 CLAS 08/26",,
10:00 A.M. - 10:50 A.M.,"PHCY 6140 01 13534, MWF 1000-1050 CLAS 08/26",,
11:00 A.M. - 11:50 A.M.,"PHCY 6100 01 10256, MTWR 1100-1150 CLAS 08/26",,
1:10 P.M. - 3:00 P.M.,"PHCY 6344 01 15020, M 1310-1500 CLAS 08/26",,
HS 459,,,
Event Times,Event,Contact,
,,,
HS 463,,,
Event Times,Event,Contact,
10:00 A.M. - 10:50 A.M.,"ENR 1200 01 MMP 16752, MWF 1000-1050 CLAS 08/26",,
11:00 A.M. - 11:50 A.M.,"PHCY 6245 01 10259, MWF 1100-1150 CLAS 08/26",,
1:10 P.M. - 3:00 P.M.,"PHCY 6260 01 14102, M 1310-1500 CLAS 08/26",,
3:10 P.M. - 4:10 P.M.,NCPA medical liaison,"Hunter, Melissa L.",
ITC 106,,,
Event Times,Event,Contact,
,,,
KH 238,,,
Event Times,Event,Contact,
,,,
LS 170,,,
Event Times,Event,Contact,
8:00 A.M. - 9:20 A.M.,"LAW 6410 01 18050, MW 0800-0920 CLAS 08/19",,
9:30 A.M. - 10:50 A.M.,"LAW 6330 01 10413, MW 0930-1050 CLAS 08/19",,
LS 178,,,
Event Times,Event,Contact,
8:25 A.M. - 9:20 A.M.,"LAW 6165 01 11524, M 0825-0920 CLAS 08/19",,
10:00 A.M. - 11:50 A.M.,"LAW 6130 01 15874, MW 1000-1150 CLAS 08/19",,
1:15 P.M. - 2:35 P.M.,"LAW 6110 01 10411, MW 1315-1435 CLAS 08/19",,
2:45 P.M. - 3:40 P.M.,"LAW 6350 01 11948, MW 1445-1540 CLAS 08/19",,
LS 180,,,
Event Times,Event,Contact,
9:30 A.M. - 10:50 A.M.,"LAW 6915 04 18169, MW 0930-1050 CLAS 08/19",,
1:00 P.M. - 2:20 P.M.,"LAW 6730 01 18173, MW 1300-1420 CLAS 08/19",,
LS 182,,,
Event Times,Event,Contact,
11:00 A.M. - 12:20 P.M.,"LAW 6860 01 11946, MW 1100-1220 CLAS 08/19",,
1:15 P.M. - 2:35 P.M.,"LAW 6685 01 18170, MW 1315-1435 CLAS 08/19",,
2:45 P.M. - 4:05 P.M.,"LAW 6915 03 18168, MW 1445-1605 CLAS 08/19",,
LS 186,,,
Event Times,Event,Contact,
11:00 A.M. - 12:20 P.M.,"LAW 6725 01 18171, MW 1100-1220 CLAS 08/19",,
12:30 P.M. - 1:00 P.M.,Natural Resource Law Club Meeting,"Anderson, Michell",766-2641
LS 191,,,
Event Times,Event,Contact,
9:30 A.M. - 10:50 A.M.,"LAW 6990 01 18164, MW 0930-1050 CLAS 08/19",,
11:00 A.M. - 12:20 P.M.,"LAW 6840 01 18183, MW 1100-1220 CLAS 08/19",,
1:15 P.M. - 2:35 P.M.,"LAW 6915 05 18172, MW 1315-1435 CLAS 08/19",,
2:45 P.M. - 4:05 P.M.,"LAW 6915 02 17095, MW 1445-1605 CLAS 08/19",,
NAC 114,,,
Event Times,Event,Contact,
,,,
PA 1016,,,
Event Times,Event,Contact,
8:00 A.M. - 8:50 A.M.,"MUSC 1312 01 15137, MTWRF 0800-0850 CLAS 08/26",,
9:00 A.M. - 9:50 A.M.,"MUSC 1352 01 13600, MTWRF 0900-0950 CLAS 08/26",,
12:00 P.M. - 12:50 P.M.,"MUSC 1370 01 10553, MTWRF 1200-1250 CLAS 08/26",,
1:10 P.M. - 2:00 P.M.,"MUSC 2050 01 10566, MWF 1310-1400 CLAS 08/26",,
4:10 P.M. - 6:00 P.M.,"MUSC 1440 01 10560, MW 1610-1800 CLAS 08/26",,
PA 1050,,,
Event Times,Event,Contact,
2:10 P.M. - 3:00 P.M.,"MUSC 4025 01 18463, MW 1410-1500 CLAS 08/26",,
3:10 P.M. - 4:00 P.M.,"MUSC 1390 01 10556, MWF 1510-1600 CLAS 08/26",,
PA 1070,,,
Event Times,Event,Contact,
10:00 A.M. - 11:50 A.M.,"MUSC 4455 01 13595, MW 1000-1150 CLAS 08/26",,
5:10 P.M. - 6:00 P.M.,"MUSC 1360 01 13606, MW 1710-1800 CLAS 08/26",,
PA 1077,,,
Event Times,Event,Contact,
9:35 A.M. - 10:50 A.M.,"THEA 3710 01 15990, MW 0935-1050 CLAS 08/26",,
2:45 P.M. - 4:00 P.M.,"THEA 1100 01 11766, MW 1445-1600 CLAS 08/26",,
PA 1131,,,
Event Times,Event,Contact,
2:45 P.M. - 4:35 P.M.,"THEA 3410 01 14096, MW 1445-1635 CLAS 08/26",,
2:45 P.M. - 4:35 P.M.,"THEA 4010 01 10779, MW 1445-1635 CLAS 08/26",,
PA 1133,,,
Event Times,Event,Contact,
11:00 A.M. - 12:30 P.M.,"THEA 2410 02 14099, MW 1100-1230 CLAS 08/26",,
PA 1140,,,
Event Times,Event,Contact,
,,,
PA 1142,,,
Event Times,Event,Contact,
,,,
PA 1152,,,
Event Times,Event,Contact,
10:00 A.M. - 10:50 A.M.,"MUSC 2030 01 10564, MWF 1000-1050 CLAS 08/26",,
4:10 P.M. - 6:00 P.M.,"MUSC 1420 01 18520, MW 1610-1800 CLAS 08/26",,
6:30 P.M. - 8:30 P.M.,"MUSC 5310 01 13097, M 1830-2030 CLAS 08/26",,
PA 2003,,,
Event Times,Event,Contact,
8:00 A.M. - 8:50 A.M.,"MUSC 1340 01 10552, MW 0800-0850 CLAS 08/26",,
9:00 A.M. - 9:50 A.M.,"MUSC 1030 01 11370, MWF 0900-0950 CLAS 08/26",,
12:00 P.M. - 12:50 P.M.,"MUSC 1400 01 10558, MTRF 1200-1250 CLAS 08/26",,
12:00 P.M. - 12:50 P.M.,"MUSC 3400 01 10638, MTRF 1200-1250 CLAS 08/26",,
2:10 P.M. - 3:00 P.M.,"MUSC 1405 01 12171, MWF 1410-1500 CLAS 08/26",,
3:10 P.M. - 4:00 P.M.,"MUSC 1415 01 12173, MWF 1510-1600 CLAS 08/26",,
3:10 P.M. - 4:00 P.M.,"MUSC 5815 01 12194, MWF 1510-1600 CLAS 08/26",,
PA 2037,,,
Event Times,Event,Contact,
,,,
PA 2054,,,
Event Times,Event,Contact,
,,,
PA 2102,,,
Event Times,Event,Contact,
1:20 P.M. - 2:35 P.M.,"THEA 4200 01 17850, MW 1320-1435 CLAS 08/26",,
PA 2140,,,
Event Times,Event,Contact,
9:35 A.M. - 10:50 A.M.,"THEA 1050 01 17832, MW 0935-1050 CLAS 08/26",,
1:20 P.M. - 2:35 P.M.,"THEA 3910 01 17848, MW 1320-1435 CLAS 08/26",,
PA 3058,,,
Event Times,Event,Contact,
2:10 P.M. - 3:00 P.M.,"MUSC 5320 01 13313, MWF 1410-1500 CLAS 08/26",,
PS 138,,,
Event Times,Event,Contact,
9:00 A.M. - 9:50 A.M.,"CHEM 5330 01 17272, MWF 0900-0950 CLAS 08/26",,
10:00 A.M. - 11:00 A.M.,"BMS 5985 01 16683, M 1000-1100 CLAS 08/26",,
PS 231,,,
Event Times,Event,Contact,
11:00 A.M. - 12:50 P.M.,"ECOL 5500 01 XL 13417, MW 1100-1250 CLAS 08/26",,
11:00 A.M. - 12:50 P.M.,"ZOO 5500 01 XL 13415, MW 1100-1250 CLAS 08/26",,
1:00 P.M. - 2:00 P.M.,Kaycee Conder -PHYS 1220-Office Hours,"Webb, Kathy",307.766.3732
3:00 P.M. - 4:00 P.M.,Eliza Frankel _ Office Hours,"Webb, Kathy",307.766.3732
PS 234,,,
Event Times,Event,Contact,
8:00 A.M. - 8:50 A.M.,"EE 2150 01 15730, MWF 0800-0850 CLAS 08/26",,
10:00 A.M. - 10:50 A.M.,"PHYS 4830 01 16576, MWF 1000-1050 CLAS 08/26",,
12:00 P.M. - 1:00 P.M.,Astronomy Journal Club,"Olson, Tricia",
1:10 P.M. - 2:00 P.M.,"PHYS 1210 20 13303, M 1310-1400 CLAS 08/26",,
3:00 P.M. - 4:00 P.M.,Phys 5870,"Olson, Tricia",
5:00 P.M. - 7:00 P.M.,"CHEM 5100 1 18689, MTWR 1700-1900 CLAS 08/26",,
PS 239,,,
Event Times,Event,Contact,
8:00 A.M. - 8:50 A.M.,"CHEM 2420 02 MMP 10198, MWF 0800-0850 CLAS 08/26","Wheat, Lynn",
10:00 A.M. - 10:50 A.M.,"CM 4100 01 15507, MWF 1000-1050 CLAS 08/26","Garcia, Veronica",
11:00 A.M. - 11:50 A.M.,"MATH 2800 01 10470, MW 1100-1150 CLAS 08/26","Garcia, Veronica",
12:00 P.M. - 12:50 P.M.,"MATH 2200 07 MMP 10444, MWF 1200-1250 CLAS 08/26",,
1:10 P.M. - 2:00 P.M.,"MATH 2200 08 12208, MTWF 1310-1400 CLAS 08/26",,
2:00 P.M. - 8:00 P.M.,"PSYC 4850 18 12234, M 1400-2000 CLAS 08/26",,
RH 109,,,
Event Times,Event,Contact,
,,,
RH 24,,,
Event Times,Event,Contact,
,,,
RH 247,,,
Event Times,Event,Contact,
11:00 A.M. - 11:50 A.M.,"MATH 5590 01 18200, MWF 1100-1150 CLAS 08/26",,
1:10 P.M. - 2:00 P.M.,"MATH 5400 01 12185, MWF 1310-1400 CLAS 08/26",,
3:30 P.M. - 6:20 P.M.,"RELI 4000 01 17931, M 1530-1820 CLAS 08/26",,
RH 342,,,
Event Times,Event,Contact,
,,,
RH 408,,,
Event Times,Event,Contact,
,,,
SI 2010,,,
Event Times,Event,Contact,
8:00 A.M. - 8:50 A.M.,"GEOL 1100 01 10938, MWF 0800-0850 CLAS 08/26",,
9:00 A.M. - 9:50 A.M.,"CHEM 2420 01 MMP 10197, MWF 0900-0950 CLAS 08/26",,
10:00 A.M. - 10:50 A.M.,"LIFE 1010 01 MMP 12275, MWF 1000-1050 CLAS 08/26",,
11:00 A.M. - 11:50 A.M.,"MICR 2021 01 XL 11211, MWF 1100-1150 CLAS 08/26",,
11:00 A.M. - 11:50 A.M.,"MOLB 2021 01 XL 15127, MWF 1100-1150 CLAS 08/26",,
12:00 P.M. - 12:50 P.M.,"ZOO 4125 01 MMP XL 13209, MWF 1200-1250 CLAS 08/26","Wheat, Lynn",
12:00 P.M. - 12:50 P.M.,"ZOO 4125 02 MMP XL 13210, MWF 1200-1250 CLAS 08/26",,
1:10 P.M. - 2:00 P.M.,"LIFE 1010 02 MMP 12276, MWF 1310-1400 CLAS 08/26",,
2:10 P.M. - 3:00 P.M.,"LIFE 1010 03 MMP 12277, MWF 1410-1500 CLAS 08/26",,
5:10 P.M. - 6:00 P.M.,"EDSE 4900 01 14649, M 1710-1800 CLAS 08/26",,
STEM 105,,,
Event Times,Event,Contact,
9:00 A.M. - 9:50 A.M.,"MATH 0921 31 10419, MWF 0900-0950 CLAS 08/26",,
11:00 A.M. - 11:50 A.M.,"BOT 4700 01 XL 10109, MWF 1100-1150 CLAS 08/26","Garcia, Veronica",
11:00 A.M. - 11:50 A.M.,"BOT 5700 01 XL 10112, MWF 1100-1150 CLAS 08/26",,
1:10 P.M. - 2:00 P.M.,"STAT 2050 10 10506, MW 1310-1400 CLAS 08/26",,
2:10 P.M. - 3:00 P.M.,"STAT 2050 11 10507, MW 1410-1500 CLAS 08/26",,
3:10 P.M. - 4:00 P.M.,"STAT 2050 12 10508, MW 1510-1600 CLAS 08/26",,
4:10 P.M. - 5:00 P.M.,"STAT 2050 13 10509, MW 1610-1700 CLAS 08/26",,
STEM 117,,,
Event Times,Event,Contact,
,,,
STEM 120,,,
Event Times,Event,Contact,
1:10 P.M. - 4:00 P.M.,"MICR 4321 01 13746, M 1310-1600 CLAS 08/26",,
STEM 145,,,
Event Times,Event,Contact,
,,,
STEM 155,,,
Event Times,Event,Contact,
1:10 P.M. - 3:00 P.M.,"ZOO 4530 01 MMP XL 17026, M 1310-1500 CLAS 08/26","LYNX, CNET",
1:10 P.M. - 3:00 P.M.,"ZOO 5530 01 MMP XL 16153, M 1310-1500 CLAS 08/26","LYNX, CNET",
STEM 160,,,
Event Times,Event,Contact,
,,,
STEM 175,,,
Event Times,Event,Contact,
,,,
STEM 180,,,
Event Times,Event,Contact,
3:10 P.M. - 5:00 P.M.,"ASTR 1050 10 10093, M 1510-1700 CLAS 08/26",,
5:10 P.M. - 7:00 P.M.,"ASTR 1050 11 10094, M 1710-1900 CLAS 08/26",,
STEM 185,,,
Event Times,Event,Contact,
,,,
STEM 195,,,
Event Times,Event,Contact,
9:00 A.M. - 10:40 A.M.,"PHYS 1210 01 MMP 10333, MWF 0900-1040 CLAS 08/26",,
1:10 P.M. - 3:00 P.M.,"PHYS 1220 02 MMP 12301, MWF 1310-1500 CLAS 08/26",,
STEM 205,,,
Event Times,Event,Contact,
1:10 P.M. - 2:00 P.M.,"STAT 2050 18 17793, MW 1310-1400 CLAS 08/26",,
2:10 P.M. - 3:00 P.M.,"STAT 2050 19 17794, MW 1410-1500 CLAS 08/26",,
3:10 P.M. - 4:00 P.M.,"STAT 2050 20 17795, MW 1510-1600 CLAS 08/26",,
4:10 P.M. - 5:00 P.M.,"STAT 2050 21 17796, MW 1610-1700 CLAS 08/26",,
STEM 215,,,
Event Times,Event,Contact,
11:00 A.M. - 11:50 A.M.,"COJO 4700 01 XL 18093, MWF 1100-1150 CLAS 08/26",,
11:00 A.M. - 11:50 A.M.,"COJO 5700 01 XL 18094, MWF 1100-1150 CLAS 08/26",,
11:00 A.M. - 11:50 A.M.,"ENR 4700 01 XL 18095, MWF 1100-1150 CLAS 08/26",,
11:00 A.M. - 11:50 A.M.,"ENR 5700 01 XL 18096, MWF 1100-1150 CLAS 08/26",,
12:00 P.M. - 12:50 P.M.,"STAT 4005 01 XL 17782, MWF 1200-1250 CLAS 08/26","LYNX, CNET",
12:00 P.M. - 12:50 P.M.,"STAT 5005 01 XL 17783, MWF 1200-1250 CLAS 08/26",,
1:10 P.M. - 2:00 P.M.,"MATH 3341 01 13357, M 1310-1400 CLAS 08/26",,
3:10 P.M. - 4:00 P.M.,"PHYS 1210 21 13304, M 1510-1600 CLAS 08/26",,
STEM 220,,,
Event Times,Event,Contact,
9:00 A.M. - 9:50 A.M.,"COJO 3530 01 15977, MWF 0900-0950 CLAS 08/26",,
10:00 A.M. - 10:50 A.M.,"MATH 2350 22 10461, MW 1000-1050 CLAS 08/26",,
12:00 P.M. - 12:50 P.M.,"COJO 4040 01 XL 14369, MWF 1200-1250 CLAS 08/26",,
12:00 P.M. - 12:50 P.M.,"COJO 5040 01 XL 14370, MWF 1200-1250 CLAS 08/26",,
1:10 P.M. - 2:00 P.M.,"MATH 2350 24 13286, MW 1310-1400 CLAS 08/26",,
2:10 P.M. - 3:00 P.M.,"MATH 2350 25 13449, MW 1410-1500 CLAS 08/26",,
3:10 P.M. - 4:45 P.M.,"COJO 3200 01 14180, MW 1510-1645 CLAS 08/26",,
STEM 225,,,
Event Times,Event,Contact,
1:10 P.M. - 2:00 P.M.,"MATH 1105 01 10430, MWF 1310-1400 CLAS 08/26",,
3:10 P.M. - 4:00 P.M.,"MATH 1100 01 10428, MWF 1510-1600 CLAS 08/26",,
STEM 235,,,
Event Times,Event,Contact,
,,,
STEM 245,,,
Event Times,Event,Contact,
,,,
STEM 255,,,
Event Times,Event,Contact,
,,,
STEM 265,,,
Event Times,Event,Contact,
,,,
STEM 275,,,
Event Times,Event,Contact,
,,,
STEM 280,,,
Event Times,Event,Contact,
10:00 A.M. - 10:50 A.M.,"GEOL 3500 01 16937, MWF 1000-1050 CLAS 08/26",,
12:00 P.M. - 12:50 P.M.,"LIFE 2022 01 17015, MWF 1200-1250 CLAS 08/26",,
1:10 P.M. - 2:00 P.M.,"LIFE 2022 10 17016, MWF 1310-1400 CLAS 08/26",,
3:30 P.M. - 4:30 P.M.,LIFE 1010 weekly review - North,"North, Christopher A.",
STEM 285,,,
Event Times,Event,Contact,
,,,
STEM 295,,,
Event Times,Event,Contact,
2:10 P.M. - 4:50 P.M.,"LIFE 2023 10 11488, M 1410-1650 CLAS 08/26",,
7:10 P.M. - 9:50 P.M.,"LIFE 2023 11 11489, M 1910-2150 CLAS 08/26",,
STEM 315,,,
Event Times,Event,Contact,
12:00 P.M. - 12:50 P.M.,"CE 1010 01 13237, MWF 1200-1250 CLAS 08/26",,
2:10 P.M. - 3:00 P.M.,"COSC 4010 04 XL 16961, MWF 1410-1500 CLAS 08/26",,
2:10 P.M. - 3:00 P.M.,"COSC 5010 03 XL 18251, MWF 1410-1500 CLAS 08/26",,
3:10 P.M. - 5:00 P.M.,"COSC 1010 14 13883, M 1510-1700 CLAS 08/26",,
STEM 320,,,
Event Times,Event,Contact,
,,,
STEM 325,,,
Event Times,Event,Contact,
,,,
STEM 335,,,
Event Times,Event,Contact,
2:10 P.M. - 5:00 P.M.,"CHEM 2420 10 10199, M 1410-1700 CLAS 08/26",,
6:10 P.M. - 8:50 P.M.,"CHEM 2420 12 10201, M 1810-2050 CLAS 08/26",,
STEM 345,,,
Event Times,Event,Contact,
2:10 P.M. - 5:00 P.M.,"CHEM 2420 11 10200, M 1410-1700 CLAS 08/26",,
6:00 P.M. - 8:50 P.M.,"CHEM 2420 13 10202, M 1800-2050 CLAS 08/26",,
STEM 360,,,
Event Times,Event,Contact,
11:00 A.M. - 12:50 P.M.,"CHEM 1020 13B 13443, M 1100-1250 CLAS 08/26",,
1:10 P.M. - 3:00 P.M.,"CHEM 1020 11A 10895, M 1310-1500 CLAS 08/26",,
3:10 P.M. - 5:00 P.M.,"CHEM 1020 11B 10896, M 1510-1700 CLAS 08/26",,
STEM 375,,,
Event Times,Event,Contact,
11:00 A.M. - 12:50 P.M.,"CHEM 1000 10 10169, M 1100-1250 CLAS 08/26",,
1:10 P.M. - 3:00 P.M.,"CHEM 1030 11 10188, M 1310-1500 CLAS 08/26",,
3:10 P.M. - 5:00 P.M.,"CHEM 1020 13D 12331, M 1510-1700 CLAS 08/26",,
STEM 380,,,
Event Times,Event,Contact,
11:00 A.M. - 12:50 P.M.,"CHEM 1020 10A 16567, M 1100-1250 CLAS 08/26",,
1:10 P.M. - 3:00 P.M.,"CHEM 1020 10B 16568, M 1310-1500 CLAS 08/26",,
3:10 P.M. - 5:00 P.M.,"CHEM 1020 10C 16569, M 1510-1700 CLAS 08/26",,
5:10 P.M. - 7:00 P.M.,"CHEM 1020 10D 16570, M 1710-1900 CLAS 08/26",,
STEM 385,,,
Event Times,Event,Contact,
1:10 P.M. - 3:00 P.M.,"CHEM 1000 11 10170, M 1310-1500 CLAS 08/26",,
3:10 P.M. - 5:00 P.M.,"CHEM 1000 12 10171, M 1510-1700 CLAS 08/26",,
STEM 395,,,
Event Times,Event,Contact,
11:00 A.M. - 12:50 P.M.,"CHEM 1020 12A 12810, M 1100-1250 CLAS 08/26",,
1:10 P.M. - 3:00 P.M.,"CHEM 1020 12B 10900, M 1310-1500 CLAS 08/26",,
3:10 P.M. - 5:00 P.M.,"CHEM 1020 12C 10901, M 1510-1700 CLAS 08/26",,
VA 109,,,
Event Times,Event,Contact,
,,,
VA 111,,,
Event Times,Event,Contact,
6:30 P.M. - 9:00 P.M.,"ART 4600 01 12445, M 1830-2100 CLAS 08/26",,
VA 119,,,
Event Times,Event,Contact,
10:30 A.M. - 12:50 P.M.,"ART 3410 01 11890, MW 1030-1250 CLAS 08/26",,
10:30 A.M. - 12:50 P.M.,"ART 4410 01 11891, MW 1030-1250 CLAS 08/26",,
1:10 P.M. - 3:30 P.M.,"ART 2425 01 18022, MW 1310-1530 CLAS 08/26",,
VA 229,,,
Event Times,Event,Contact,
10:30 A.M. - 12:50 P.M.,"ART 4120 01 16608, MW 1030-1250 CLAS 08/26",,
Report Printed on Sep 20 2024 at 8:07 AM,,,Page 250 of 250
Location Search: CTS Room Search - Updated,,,